INSERT INTO public."Submission" (id, "studentId", "assignmentId", "quizId", status, "waktuMulai", "waktuKumpul", nilai, "waktuDinilai", feedback, "createdAt", "updatedAt", "answerPdf") VALUES ('sbm_dd59ec2f-a1e0-43d6-b999-86dcd2ffdf55', 'std_0b3f5e14-0b48-4b88-87ab-b2efa9b0b5e1', 'asn_0bcd5a1e-3ce6-45bc-be10-da505844eb2b', NULL, 'GRADED', '2026-05-21 01:00:00', '2026-05-26 08:30:00', 90.69283844422428, '2026-05-26 08:30:00', NULL, '2025-10-26 13:24:35.65', '2025-10-26 13:24:35.65', NULL);
INSERT INTO public."Submission" (id, "studentId", "assignmentId", "quizId", status, "waktuMulai", "waktuKumpul", nilai, "waktuDinilai", feedback, "createdAt", "updatedAt", "answerPdf") VALUES ('sbm_feb32485-f8ab-46d7-bcb2-de6a6921ef2e', 'std_c6809a15-875c-4037-8063-06211563788f', 'asn_0bcd5a1e-3ce6-45bc-be10-da505844eb2b', NULL, 'GRADED', '2026-05-21 01:00:00', '2026-05-26 08:30:00', 81.0264377957223, '2026-05-26 08:30:00', NULL, '2025-10-26 13:24:35.651', '2025-10-26 13:24:35.651', NULL);
INSERT INTO public."Submission" (id, "studentId", "assignmentId", "quizId", status, "waktuMulai", "waktuKumpul", nilai, "waktuDinilai", feedback, "createdAt", "updatedAt", "answerPdf") VALUES ('sbm_729f5147-b015-4734-8c6a-0869c27611d9', 'std_066c9846-5a21-448a-aef8-6c28cfa367b4', 'asn_a1c656bb-1b47-4e44-b833-88a9e71019f7', NULL, 'GRADED', '2026-03-18 01:00:00', '2026-03-21 08:30:00', 88.20087614830092, '2026-03-21 08:30:00', NULL, '2025-10-26 13:24:35.653', '2025-10-26 13:24:35.653', NULL);
INSERT INTO public."Submission" (id, "studentId", "assignmentId", "quizId", status, "waktuMulai", "waktuKumpul", nilai, "waktuDinilai", feedback, "createdAt", "updatedAt", "answerPdf") VALUES ('sbm_e1e9ecab-d804-4acc-ad3a-5854bafe1d2f', 'std_f2907746-5df0-4e80-b24a-538b9e505821', 'asn_a1c656bb-1b47-4e44-b833-88a9e71019f7', NULL, 'GRADED', '2026-03-18 01:00:00', '2026-03-21 08:30:00', 68.0196455194094, '2026-03-21 08:30:00', NULL, '2025-10-26 13:24:35.654', '2025-10-26 13:24:35.654', NULL);
INSERT INTO public."Submission" (id, "studentId", "assignmentId", "quizId", status, "waktuMulai", "waktuKumpul", nilai, "waktuDinilai", feedback, "createdAt", "updatedAt", "answerPdf") VALUES ('sbm_e5f1577c-9106-4d5b-abc4-15f3a3d57cad', 'std_096413bc-fe2b-45ae-a86a-1f647bc928fd', 'asn_a1c656bb-1b47-4e44-b833-88a9e71019f7', NULL, 'GRADED', '2026-03-18 01:00:00', '2026-03-21 08:30:00', 81.01131235790658, '2026-03-21 08:30:00', NULL, '2025-10-26 13:24:35.655', '2025-10-26 13:24:35.655', NULL);
INSERT INTO public."Submission" (id, "studentId", "assignmentId", "quizId", status, "waktuMulai", "waktuKumpul", nilai, "waktuDinilai", feedback, "createdAt", "updatedAt", "answerPdf") VALUES ('sbm_c272b29a-cbb6-474e-a02b-a002ecf0fe7c', 'std_787afa27-9a52-4fe2-8ec4-228b924e5d29', 'asn_a1c656bb-1b47-4e44-b833-88a9e71019f7', NULL, 'GRADED', '2026-03-18 01:00:00', '2026-03-21 08:30:00', 85.65339913133835, '2026-03-21 08:30:00', NULL, '2025-10-26 13:24:35.656', '2025-10-26 13:24:35.656', NULL);
INSERT INTO public."Submission" (id, "studentId", "assignmentId", "quizId", status, "waktuMulai", "waktuKumpul", nilai, "waktuDinilai", feedback, "createdAt", "updatedAt", "answerPdf") VALUES ('sbm_abb54297-b0ad-4e49-ae1f-fc0a17d7f0f2', 'std_599d0a9e-b3bc-4fac-8ca2-76fae0680b61', 'asn_a1c656bb-1b47-4e44-b833-88a9e71019f7', NULL, 'GRADED', '2026-03-18 01:00:00', '2026-03-21 08:30:00', 89.91452154569811, '2026-03-21 08:30:00', NULL, '2025-10-26 13:24:35.658', '2025-10-26 13:24:35.658', NULL);
INSERT INTO public."Submission" (id, "studentId", "assignmentId", "quizId", status, "waktuMulai", "waktuKumpul", nilai, "waktuDinilai", feedback, "createdAt", "updatedAt", "answerPdf") VALUES ('sbm_97c22dd1-7e20-4c68-9cf2-fb6cb676512a', 'std_58515e02-3c71-4a4d-b2b5-a5471e1733e6', 'asn_a1c656bb-1b47-4e44-b833-88a9e71019f7', NULL, 'GRADED', '2026-03-18 01:00:00', '2026-03-21 08:30:00', 92.5265172649098, '2026-03-21 08:30:00', NULL, '2025-10-26 13:24:35.659', '2025-10-26 13:24:35.659', NULL);
INSERT INTO public."Submission" (id, "studentId", "assignmentId", "quizId", status, "waktuMulai", "waktuKumpul", nilai, "waktuDinilai", feedback, "createdAt", "updatedAt", "answerPdf") VALUES ('sbm_bc64e26f-15bc-4a5d-b2eb-bf446c986ad0', 'std_b253a32f-9c6d-44c0-a5e1-c3f9e04509b6', 'asn_a1c656bb-1b47-4e44-b833-88a9e71019f7', NULL, 'GRADED', '2026-03-18 01:00:00', '2026-03-21 08:30:00', 50.26173752986869, '2026-03-21 08:30:00', NULL, '2025-10-26 13:24:35.659', '2025-10-26 13:24:35.659', NULL);
INSERT INTO public."Submission" (id, "studentId", "assignmentId", "quizId", status, "waktuMulai", "waktuKumpul", nilai, "waktuDinilai", feedback, "createdAt", "updatedAt", "answerPdf") VALUES ('sbm_5a191feb-e87e-4167-97c1-c4d656901159', 'std_81936bfe-f160-47f7-ae59-e003a34326d1', 'asn_a1c656bb-1b47-4e44-b833-88a9e71019f7', NULL, 'GRADED', '2026-03-18 01:00:00', '2026-03-21 08:30:00', 94.60702578564674, '2026-03-21 08:30:00', NULL, '2025-10-26 13:24:35.66', '2025-10-26 13:24:35.66', NULL);
INSERT INTO public."Submission" (id, "studentId", "assignmentId", "quizId", status, "waktuMulai", "waktuKumpul", nilai, "waktuDinilai", feedback, "createdAt", "updatedAt", "answerPdf") VALUES ('sbm_7dc7906c-6728-4368-943c-7ba322a255c4', 'std_c9982d82-fe8e-43df-8888-11e41afb3f29', 'asn_a1c656bb-1b47-4e44-b833-88a9e71019f7', NULL, 'GRADED', '2026-03-18 01:00:00', '2026-03-21 08:30:00', 67.48721112253922, '2026-03-21 08:30:00', NULL, '2025-10-26 13:24:35.662', '2025-10-26 13:24:35.662', NULL);
INSERT INTO public."Submission" (id, "studentId", "assignmentId", "quizId", status, "waktuMulai", "waktuKumpul", nilai, "waktuDinilai", feedback, "createdAt", "updatedAt", "answerPdf") VALUES ('sbm_9d638b7f-a23f-4dd1-b885-8d5f03efb07f', 'std_1ea3338f-79b5-4722-a438-a8d083cde6c3', 'asn_a1c656bb-1b47-4e44-b833-88a9e71019f7', NULL, 'GRADED', '2026-03-18 01:00:00', '2026-03-21 08:30:00', 86.89478910571918, '2026-03-21 08:30:00', NULL, '2025-10-26 13:24:35.663', '2025-10-26 13:24:35.663', NULL);
INSERT INTO public."Submission" (id, "studentId", "assignmentId", "quizId", status, "waktuMulai", "waktuKumpul", nilai, "waktuDinilai", feedback, "createdAt", "updatedAt", "answerPdf") VALUES ('sbm_8f83ff0f-65af-41ce-9f2c-e087f94ed4bd', 'std_1d969761-98fa-432d-9bfc-a715e5b38ece', 'asn_a1c656bb-1b47-4e44-b833-88a9e71019f7', NULL, 'GRADED', '2026-03-18 01:00:00', '2026-03-21 08:30:00', 89.4554695672912, '2026-03-21 08:30:00', NULL, '2025-10-26 13:24:35.664', '2025-10-26 13:24:35.664', NULL);
INSERT INTO public."Submission" (id, "studentId", "assignmentId", "quizId", status, "waktuMulai", "waktuKumpul", nilai, "waktuDinilai", feedback, "createdAt", "updatedAt", "answerPdf") VALUES ('sbm_0f2c0a65-f8d3-4bb8-ad1f-5e2d6670ccf2', 'std_518eb873-0c78-4504-ac08-a420b87dae2f', 'asn_a1c656bb-1b47-4e44-b833-88a9e71019f7', NULL, 'GRADED', '2026-03-18 01:00:00', '2026-03-21 08:30:00', 83.49299821074818, '2026-03-21 08:30:00', NULL, '2025-10-26 13:24:35.665', '2025-10-26 13:24:35.665', NULL);
INSERT INTO public."Submission" (id, "studentId", "assignmentId", "quizId", status, "waktuMulai", "waktuKumpul", nilai, "waktuDinilai", feedback, "createdAt", "updatedAt", "answerPdf") VALUES ('sbm_98e56a82-de2f-4dd8-9989-92725ce43999', 'std_64230585-af3f-4b3d-8c0b-9a0b80c0095a', 'asn_a1c656bb-1b47-4e44-b833-88a9e71019f7', NULL, 'GRADED', '2026-03-18 01:00:00', '2026-03-21 08:30:00', 46.3460220745495, '2026-03-21 08:30:00', NULL, '2025-10-26 13:24:35.666', '2025-10-26 13:24:35.666', NULL);
INSERT INTO public."Submission" (id, "studentId", "assignmentId", "quizId", status, "waktuMulai", "waktuKumpul", nilai, "waktuDinilai", feedback, "createdAt", "updatedAt", "answerPdf") VALUES ('sbm_284f47bc-0e7a-4c5d-9798-afee90b13dbd', 'std_d022b0fd-d799-4fad-992d-ead39ef3fbd5', 'asn_a1c656bb-1b47-4e44-b833-88a9e71019f7', NULL, 'GRADED', '2026-03-18 01:00:00', '2026-03-21 08:30:00', 62.11491119085806, '2026-03-21 08:30:00', NULL, '2025-10-26 13:24:35.668', '2025-10-26 13:24:35.668', NULL);
INSERT INTO public."Submission" (id, "studentId", "assignmentId", "quizId", status, "waktuMulai", "waktuKumpul", nilai, "waktuDinilai", feedback, "createdAt", "updatedAt", "answerPdf") VALUES ('sbm_911754b6-568e-4bdb-b1d7-8da9282358f7', 'std_790a4e6d-c6ab-4a35-a64f-d43252cda648', 'asn_a1c656bb-1b47-4e44-b833-88a9e71019f7', NULL, 'GRADED', '2026-03-18 01:00:00', '2026-03-21 08:30:00', 90.21215283398308, '2026-03-21 08:30:00', NULL, '2025-10-26 13:24:35.669', '2025-10-26 13:24:35.669', NULL);
INSERT INTO public."Submission" (id, "studentId", "assignmentId", "quizId", status, "waktuMulai", "waktuKumpul", nilai, "waktuDinilai", feedback, "createdAt", "updatedAt", "answerPdf") VALUES ('sbm_5cc41e6a-fda5-4026-9007-4e1334ed9ae1', 'std_33982b04-1b66-449b-905d-afe213f871d9', 'asn_a1c656bb-1b47-4e44-b833-88a9e71019f7', NULL, 'GRADED', '2026-03-18 01:00:00', '2026-03-21 08:30:00', 87.27649870055393, '2026-03-21 08:30:00', NULL, '2025-10-26 13:24:35.671', '2025-10-26 13:24:35.671', NULL);
INSERT INTO public."Submission" (id, "studentId", "assignmentId", "quizId", status, "waktuMulai", "waktuKumpul", nilai, "waktuDinilai", feedback, "createdAt", "updatedAt", "answerPdf") VALUES ('sbm_4c16e5e6-8926-4309-93fc-b273f6b4c40e', 'std_28f171ed-0387-493a-ba47-d994087eedb1', 'asn_a1c656bb-1b47-4e44-b833-88a9e71019f7', NULL, 'GRADED', '2026-03-18 01:00:00', '2026-03-21 08:30:00', 89.10068095055625, '2026-03-21 08:30:00', NULL, '2025-10-26 13:24:35.672', '2025-10-26 13:24:35.672', NULL);
INSERT INTO public."Submission" (id, "studentId", "assignmentId", "quizId", status, "waktuMulai", "waktuKumpul", nilai, "waktuDinilai", feedback, "createdAt", "updatedAt", "answerPdf") VALUES ('sbm_93ecc6b0-e1dd-45fe-89bd-90917bdaade8', 'std_0ac278eb-b5d2-4a93-b1d8-8468c23ca6a8', 'asn_a1c656bb-1b47-4e44-b833-88a9e71019f7', NULL, 'GRADED', '2026-03-18 01:00:00', '2026-03-21 08:30:00', 63.88667523084604, '2026-03-21 08:30:00', NULL, '2025-10-26 13:24:35.673', '2025-10-26 13:24:35.673', NULL);
INSERT INTO public."Submission" (id, "studentId", "assignmentId", "quizId", status, "waktuMulai", "waktuKumpul", nilai, "waktuDinilai", feedback, "createdAt", "updatedAt", "answerPdf") VALUES ('sbm_f27a4e2a-d390-4b43-ad81-5182838fa5a4', 'std_d47e19ec-c7bd-48ca-835c-418b9f841fca', 'asn_a1c656bb-1b47-4e44-b833-88a9e71019f7', NULL, 'GRADED', '2026-03-18 01:00:00', '2026-03-21 08:30:00', 62.06202731329162, '2026-03-21 08:30:00', NULL, '2025-10-26 13:24:35.675', '2025-10-26 13:24:35.675', NULL);
INSERT INTO public."Submission" (id, "studentId", "assignmentId", "quizId", status, "waktuMulai", "waktuKumpul", nilai, "waktuDinilai", feedback, "createdAt", "updatedAt", "answerPdf") VALUES ('sbm_91f93264-ae2c-4010-a7ed-68e2635d8e65', 'std_72f83348-707f-4c11-99c7-f686dfe7786b', 'asn_a1c656bb-1b47-4e44-b833-88a9e71019f7', NULL, 'GRADED', '2026-03-18 01:00:00', '2026-03-21 08:30:00', 86.02889762582724, '2026-03-21 08:30:00', NULL, '2025-10-26 13:24:35.676', '2025-10-26 13:24:35.676', NULL);
INSERT INTO public."Submission" (id, "studentId", "assignmentId", "quizId", status, "waktuMulai", "waktuKumpul", nilai, "waktuDinilai", feedback, "createdAt", "updatedAt", "answerPdf") VALUES ('sbm_94be685f-7e01-4ea9-af9f-d5ba0670ca21', 'std_59501cb6-ecc4-4274-816c-4b5670e91ccf', 'asn_a1c656bb-1b47-4e44-b833-88a9e71019f7', NULL, 'GRADED', '2026-03-18 01:00:00', '2026-03-21 08:30:00', 88.1034583018201, '2026-03-21 08:30:00', NULL, '2025-10-26 13:24:35.677', '2025-10-26 13:24:35.677', NULL);
INSERT INTO public."Submission" (id, "studentId", "assignmentId", "quizId", status, "waktuMulai", "waktuKumpul", nilai, "waktuDinilai", feedback, "createdAt", "updatedAt", "answerPdf") VALUES ('sbm_a19c38c0-663b-43f1-94fe-005bf1f037ee', 'std_51cd4359-04a5-48f4-9f8c-f8a62f82237b', 'asn_a1c656bb-1b47-4e44-b833-88a9e71019f7', NULL, 'GRADED', '2026-03-18 01:00:00', '2026-03-21 08:30:00', 68.41476613650093, '2026-03-21 08:30:00', NULL, '2025-10-26 13:24:35.678', '2025-10-26 13:24:35.678', NULL);
INSERT INTO public."Submission" (id, "studentId", "assignmentId", "quizId", status, "waktuMulai", "waktuKumpul", nilai, "waktuDinilai", feedback, "createdAt", "updatedAt", "answerPdf") VALUES ('sbm_5c72d62f-2868-482c-8cd2-1dc8c945d4c2', 'std_f55d37a4-7d31-464a-a3b7-e5192829bb60', 'asn_a1c656bb-1b47-4e44-b833-88a9e71019f7', NULL, 'GRADED', '2026-03-18 01:00:00', '2026-03-21 08:30:00', 83.27778978595543, '2026-03-21 08:30:00', NULL, '2025-10-26 13:24:35.679', '2025-10-26 13:24:35.679', NULL);
INSERT INTO public."Submission" (id, "studentId", "assignmentId", "quizId", status, "waktuMulai", "waktuKumpul", nilai, "waktuDinilai", feedback, "createdAt", "updatedAt", "answerPdf") VALUES ('sbm_0206ff5b-4847-4dd4-8f1b-ce573548d14b', 'std_02d7c461-93c1-4224-a0bb-c797968bd002', 'asn_a1c656bb-1b47-4e44-b833-88a9e71019f7', NULL, 'GRADED', '2026-03-18 01:00:00', '2026-03-21 08:30:00', 85.62541466046063, '2026-03-21 08:30:00', NULL, '2025-10-26 13:24:35.681', '2025-10-26 13:24:35.681', NULL);
INSERT INTO public."Submission" (id, "studentId", "assignmentId", "quizId", status, "waktuMulai", "waktuKumpul", nilai, "waktuDinilai", feedback, "createdAt", "updatedAt", "answerPdf") VALUES ('sbm_a9dcd923-cd1d-42ac-b2eb-e8f2eaab47a6', 'std_85daecae-ed51-4e8e-9513-87def0424753', 'asn_a1c656bb-1b47-4e44-b833-88a9e71019f7', NULL, 'GRADED', '2026-03-18 01:00:00', '2026-03-21 08:30:00', 85.21308959858888, '2026-03-21 08:30:00', NULL, '2025-10-26 13:24:35.682', '2025-10-26 13:24:35.682', NULL);
INSERT INTO public."Submission" (id, "studentId", "assignmentId", "quizId", status, "waktuMulai", "waktuKumpul", nilai, "waktuDinilai", feedback, "createdAt", "updatedAt", "answerPdf") VALUES ('sbm_0e6747ac-936a-40b3-ad40-30d5e442d0f9', 'std_4e018638-8f1e-48bc-b798-32965911ca4b', 'asn_a1c656bb-1b47-4e44-b833-88a9e71019f7', NULL, 'GRADED', '2026-03-18 01:00:00', '2026-03-21 08:30:00', 84.64862195886157, '2026-03-21 08:30:00', NULL, '2025-10-26 13:24:35.683', '2025-10-26 13:24:35.683', NULL);
INSERT INTO public."Submission" (id, "studentId", "assignmentId", "quizId", status, "waktuMulai", "waktuKumpul", nilai, "waktuDinilai", feedback, "createdAt", "updatedAt", "answerPdf") VALUES ('sbm_b464f09c-bf22-42a1-8369-f9a7392f55b5', 'std_d7404ab9-2772-40eb-9ca8-729bfecd3bc5', 'asn_a1c656bb-1b47-4e44-b833-88a9e71019f7', NULL, 'GRADED', '2026-03-18 01:00:00', '2026-03-21 08:30:00', 72.39800421302579, '2026-03-21 08:30:00', NULL, '2025-10-26 13:24:35.684', '2025-10-26 13:24:35.684', NULL);
INSERT INTO public."Submission" (id, "studentId", "assignmentId", "quizId", status, "waktuMulai", "waktuKumpul", nilai, "waktuDinilai", feedback, "createdAt", "updatedAt", "answerPdf") VALUES ('sbm_d4628535-34db-4e0a-bad9-d64b9a29f095', 'std_34c5d435-251e-459d-bb55-0c594b084d6c', 'asn_a1c656bb-1b47-4e44-b833-88a9e71019f7', NULL, 'GRADED', '2026-03-18 01:00:00', '2026-03-21 08:30:00', 87.34804231368203, '2026-03-21 08:30:00', NULL, '2025-10-26 13:24:35.685', '2025-10-26 13:24:35.685', NULL);
INSERT INTO public."Submission" (id, "studentId", "assignmentId", "quizId", status, "waktuMulai", "waktuKumpul", nilai, "waktuDinilai", feedback, "createdAt", "updatedAt", "answerPdf") VALUES ('sbm_f8955edf-7624-4a94-bbb0-d9d5f41ca0b4', 'std_d4060b31-9794-411e-b27f-945fd4ae046d', 'asn_a1c656bb-1b47-4e44-b833-88a9e71019f7', NULL, 'GRADED', '2026-03-18 01:00:00', '2026-03-21 08:30:00', 61.56186197289989, '2026-03-21 08:30:00', NULL, '2025-10-26 13:24:35.686', '2025-10-26 13:24:35.686', NULL);
INSERT INTO public."Submission" (id, "studentId", "assignmentId", "quizId", status, "waktuMulai", "waktuKumpul", nilai, "waktuDinilai", feedback, "createdAt", "updatedAt", "answerPdf") VALUES ('sbm_2267a330-8773-44c1-9a1b-b25ff0333ba3', 'std_20167d3f-ac65-4854-909b-1e9b8ce89180', 'asn_a1c656bb-1b47-4e44-b833-88a9e71019f7', NULL, 'GRADED', '2026-03-18 01:00:00', '2026-03-21 08:30:00', 86.85897857116872, '2026-03-21 08:30:00', NULL, '2025-10-26 13:24:35.688', '2025-10-26 13:24:35.688', NULL);
INSERT INTO public."Submission" (id, "studentId", "assignmentId", "quizId", status, "waktuMulai", "waktuKumpul", nilai, "waktuDinilai", feedback, "createdAt", "updatedAt", "answerPdf") VALUES ('sbm_82277793-bcd2-4e9b-a0ea-f668cd6bafa0', 'std_c709f9dd-6aa5-4676-8c7d-9311698e55c0', 'asn_a1c656bb-1b47-4e44-b833-88a9e71019f7', NULL, 'GRADED', '2026-03-18 01:00:00', '2026-03-21 08:30:00', 61.90276729034046, '2026-03-21 08:30:00', NULL, '2025-10-26 13:24:35.689', '2025-10-26 13:24:35.689', NULL);
INSERT INTO public."Submission" (id, "studentId", "assignmentId", "quizId", status, "waktuMulai", "waktuKumpul", nilai, "waktuDinilai", feedback, "createdAt", "updatedAt", "answerPdf") VALUES ('sbm_80038654-d23c-4616-b1ee-052b5020eec5', 'std_0b3f5e14-0b48-4b88-87ab-b2efa9b0b5e1', 'asn_a1c656bb-1b47-4e44-b833-88a9e71019f7', NULL, 'GRADED', '2026-03-18 01:00:00', '2026-03-21 08:30:00', 47.95393832398418, '2026-03-21 08:30:00', NULL, '2025-10-26 13:24:35.69', '2025-10-26 13:24:35.69', NULL);
INSERT INTO public."Submission" (id, "studentId", "assignmentId", "quizId", status, "waktuMulai", "waktuKumpul", nilai, "waktuDinilai", feedback, "createdAt", "updatedAt", "answerPdf") VALUES ('sbm_6546f69d-a729-41b6-923f-6983a0799189', 'std_c6809a15-875c-4037-8063-06211563788f', 'asn_a1c656bb-1b47-4e44-b833-88a9e71019f7', NULL, 'GRADED', '2026-03-18 01:00:00', '2026-03-21 08:30:00', 70.0953191567024, '2026-03-21 08:30:00', NULL, '2025-10-26 13:24:35.691', '2025-10-26 13:24:35.691', NULL);
INSERT INTO public."Submission" (id, "studentId", "assignmentId", "quizId", status, "waktuMulai", "waktuKumpul", nilai, "waktuDinilai", feedback, "createdAt", "updatedAt", "answerPdf") VALUES ('sbm_9795b313-7678-4a30-b376-cbdc2cae9226', 'std_066c9846-5a21-448a-aef8-6c28cfa367b4', 'asn_f9eafc1a-48e2-4554-9b27-d90750047394', NULL, 'GRADED', '2026-03-19 01:00:00', '2026-03-22 08:30:00', 67.6368178742394, '2026-03-22 08:30:00', NULL, '2025-10-26 13:24:35.692', '2025-10-26 13:24:35.692', NULL);
INSERT INTO public."Submission" (id, "studentId", "assignmentId", "quizId", status, "waktuMulai", "waktuKumpul", nilai, "waktuDinilai", feedback, "createdAt", "updatedAt", "answerPdf") VALUES ('sbm_b3b738ff-9c0f-49ee-bac7-b985ffb5d1dc', 'std_f2907746-5df0-4e80-b24a-538b9e505821', 'asn_f9eafc1a-48e2-4554-9b27-d90750047394', NULL, 'GRADED', '2026-03-19 01:00:00', '2026-03-22 08:30:00', 67.07298521584147, '2026-03-22 08:30:00', NULL, '2025-10-26 13:24:35.694', '2025-10-26 13:24:35.694', NULL);
INSERT INTO public."Submission" (id, "studentId", "assignmentId", "quizId", status, "waktuMulai", "waktuKumpul", nilai, "waktuDinilai", feedback, "createdAt", "updatedAt", "answerPdf") VALUES ('sbm_fb1371d0-fc6c-4acf-8090-02373695f571', 'std_096413bc-fe2b-45ae-a86a-1f647bc928fd', 'asn_f9eafc1a-48e2-4554-9b27-d90750047394', NULL, 'GRADED', '2026-03-19 01:00:00', '2026-03-22 08:30:00', 86.25230550745381, '2026-03-22 08:30:00', NULL, '2025-10-26 13:24:35.695', '2025-10-26 13:24:35.695', NULL);
INSERT INTO public."Submission" (id, "studentId", "assignmentId", "quizId", status, "waktuMulai", "waktuKumpul", nilai, "waktuDinilai", feedback, "createdAt", "updatedAt", "answerPdf") VALUES ('sbm_36e52e9c-a5ee-4416-94a2-4f39d2d6cf8f', 'std_787afa27-9a52-4fe2-8ec4-228b924e5d29', 'asn_f9eafc1a-48e2-4554-9b27-d90750047394', NULL, 'GRADED', '2026-03-19 01:00:00', '2026-03-22 08:30:00', 84.77479604298203, '2026-03-22 08:30:00', NULL, '2025-10-26 13:24:35.697', '2025-10-26 13:24:35.697', NULL);
INSERT INTO public."Submission" (id, "studentId", "assignmentId", "quizId", status, "waktuMulai", "waktuKumpul", nilai, "waktuDinilai", feedback, "createdAt", "updatedAt", "answerPdf") VALUES ('sbm_75b675d8-d830-4c79-9170-a38e9674af37', 'std_599d0a9e-b3bc-4fac-8ca2-76fae0680b61', 'asn_f9eafc1a-48e2-4554-9b27-d90750047394', NULL, 'GRADED', '2026-03-19 01:00:00', '2026-03-22 08:30:00', 90.71163544034953, '2026-03-22 08:30:00', NULL, '2025-10-26 13:24:35.698', '2025-10-26 13:24:35.698', NULL);
INSERT INTO public."Submission" (id, "studentId", "assignmentId", "quizId", status, "waktuMulai", "waktuKumpul", nilai, "waktuDinilai", feedback, "createdAt", "updatedAt", "answerPdf") VALUES ('sbm_5efd340c-e28d-4aca-ab5a-6be605d89e21', 'std_58515e02-3c71-4a4d-b2b5-a5471e1733e6', 'asn_f9eafc1a-48e2-4554-9b27-d90750047394', NULL, 'GRADED', '2026-03-19 01:00:00', '2026-03-22 08:30:00', 91.03659107508511, '2026-03-22 08:30:00', NULL, '2025-10-26 13:24:35.7', '2025-10-26 13:24:35.7', NULL);
INSERT INTO public."Submission" (id, "studentId", "assignmentId", "quizId", status, "waktuMulai", "waktuKumpul", nilai, "waktuDinilai", feedback, "createdAt", "updatedAt", "answerPdf") VALUES ('sbm_054fcfbe-6004-45b2-8eba-3ffe8ceff76a', 'std_b253a32f-9c6d-44c0-a5e1-c3f9e04509b6', 'asn_f9eafc1a-48e2-4554-9b27-d90750047394', NULL, 'GRADED', '2026-03-19 01:00:00', '2026-03-22 08:30:00', 93.01986491448704, '2026-03-22 08:30:00', NULL, '2025-10-26 13:24:35.701', '2025-10-26 13:24:35.701', NULL);
INSERT INTO public."Submission" (id, "studentId", "assignmentId", "quizId", status, "waktuMulai", "waktuKumpul", nilai, "waktuDinilai", feedback, "createdAt", "updatedAt", "answerPdf") VALUES ('sbm_66eeb2df-ea85-4327-9e71-f03471439436', 'std_81936bfe-f160-47f7-ae59-e003a34326d1', 'asn_f9eafc1a-48e2-4554-9b27-d90750047394', NULL, 'GRADED', '2026-03-19 01:00:00', '2026-03-22 08:30:00', 86.19849354891448, '2026-03-22 08:30:00', NULL, '2025-10-26 13:24:35.702', '2025-10-26 13:24:35.702', NULL);
INSERT INTO public."Submission" (id, "studentId", "assignmentId", "quizId", status, "waktuMulai", "waktuKumpul", nilai, "waktuDinilai", feedback, "createdAt", "updatedAt", "answerPdf") VALUES ('sbm_42b16933-df7f-4870-9afa-5cd91b8f0fdc', 'std_c9982d82-fe8e-43df-8888-11e41afb3f29', 'asn_f9eafc1a-48e2-4554-9b27-d90750047394', NULL, 'GRADED', '2026-03-19 01:00:00', '2026-03-22 08:30:00', 86.0350228730728, '2026-03-22 08:30:00', NULL, '2025-10-26 13:24:35.703', '2025-10-26 13:24:35.703', NULL);
INSERT INTO public."Submission" (id, "studentId", "assignmentId", "quizId", status, "waktuMulai", "waktuKumpul", nilai, "waktuDinilai", feedback, "createdAt", "updatedAt", "answerPdf") VALUES ('sbm_19e43c1d-1d21-4ac2-baea-af10ffa9b46c', 'std_1ea3338f-79b5-4722-a438-a8d083cde6c3', 'asn_f9eafc1a-48e2-4554-9b27-d90750047394', NULL, 'GRADED', '2026-03-19 01:00:00', '2026-03-22 08:30:00', 92.4183045733273, '2026-03-22 08:30:00', NULL, '2025-10-26 13:24:35.704', '2025-10-26 13:24:35.704', NULL);
INSERT INTO public."Submission" (id, "studentId", "assignmentId", "quizId", status, "waktuMulai", "waktuKumpul", nilai, "waktuDinilai", feedback, "createdAt", "updatedAt", "answerPdf") VALUES ('sbm_4640051e-86dd-46a1-ba24-b3ae2e8c2ce9', 'std_1d969761-98fa-432d-9bfc-a715e5b38ece', 'asn_f9eafc1a-48e2-4554-9b27-d90750047394', NULL, 'GRADED', '2026-03-19 01:00:00', '2026-03-22 08:30:00', 59.70349517574151, '2026-03-22 08:30:00', NULL, '2025-10-26 13:24:35.705', '2025-10-26 13:24:35.705', NULL);
INSERT INTO public."Submission" (id, "studentId", "assignmentId", "quizId", status, "waktuMulai", "waktuKumpul", nilai, "waktuDinilai", feedback, "createdAt", "updatedAt", "answerPdf") VALUES ('sbm_2f2712b5-b8ab-4b6b-8ab5-0ff66a138277', 'std_518eb873-0c78-4504-ac08-a420b87dae2f', 'asn_f9eafc1a-48e2-4554-9b27-d90750047394', NULL, 'GRADED', '2026-03-19 01:00:00', '2026-03-22 08:30:00', 70.50407991873861, '2026-03-22 08:30:00', NULL, '2025-10-26 13:24:35.706', '2025-10-26 13:24:35.706', NULL);
INSERT INTO public."Submission" (id, "studentId", "assignmentId", "quizId", status, "waktuMulai", "waktuKumpul", nilai, "waktuDinilai", feedback, "createdAt", "updatedAt", "answerPdf") VALUES ('sbm_20c94f67-f084-4c7b-abbc-5fa4c046cfb1', 'std_64230585-af3f-4b3d-8c0b-9a0b80c0095a', 'asn_f9eafc1a-48e2-4554-9b27-d90750047394', NULL, 'GRADED', '2026-03-19 01:00:00', '2026-03-22 08:30:00', 65.90250242936824, '2026-03-22 08:30:00', NULL, '2025-10-26 13:24:35.707', '2025-10-26 13:24:35.707', NULL);
INSERT INTO public."Submission" (id, "studentId", "assignmentId", "quizId", status, "waktuMulai", "waktuKumpul", nilai, "waktuDinilai", feedback, "createdAt", "updatedAt", "answerPdf") VALUES ('sbm_e302a32f-b650-4988-bddc-7bf4b711ae37', 'std_d022b0fd-d799-4fad-992d-ead39ef3fbd5', 'asn_f9eafc1a-48e2-4554-9b27-d90750047394', NULL, 'GRADED', '2026-03-19 01:00:00', '2026-03-22 08:30:00', 84.35144789713688, '2026-03-22 08:30:00', NULL, '2025-10-26 13:24:35.708', '2025-10-26 13:24:35.708', NULL);
INSERT INTO public."Submission" (id, "studentId", "assignmentId", "quizId", status, "waktuMulai", "waktuKumpul", nilai, "waktuDinilai", feedback, "createdAt", "updatedAt", "answerPdf") VALUES ('sbm_e4faa21c-2da7-4700-add9-d4dfda6ca0f0', 'std_790a4e6d-c6ab-4a35-a64f-d43252cda648', 'asn_f9eafc1a-48e2-4554-9b27-d90750047394', NULL, 'GRADED', '2026-03-19 01:00:00', '2026-03-22 08:30:00', 73.58305798166919, '2026-03-22 08:30:00', NULL, '2025-10-26 13:24:35.709', '2025-10-26 13:24:35.709', NULL);
INSERT INTO public."Submission" (id, "studentId", "assignmentId", "quizId", status, "waktuMulai", "waktuKumpul", nilai, "waktuDinilai", feedback, "createdAt", "updatedAt", "answerPdf") VALUES ('sbm_abcf92d8-0272-4460-b92a-57781c9a853f', 'std_33982b04-1b66-449b-905d-afe213f871d9', 'asn_f9eafc1a-48e2-4554-9b27-d90750047394', NULL, 'GRADED', '2026-03-19 01:00:00', '2026-03-22 08:30:00', 68.82720303754454, '2026-03-22 08:30:00', NULL, '2025-10-26 13:24:35.71', '2025-10-26 13:24:35.71', NULL);
INSERT INTO public."Submission" (id, "studentId", "assignmentId", "quizId", status, "waktuMulai", "waktuKumpul", nilai, "waktuDinilai", feedback, "createdAt", "updatedAt", "answerPdf") VALUES ('sbm_3cdbd480-90f9-47cd-9c4c-40e3a1d25211', 'std_28f171ed-0387-493a-ba47-d994087eedb1', 'asn_f9eafc1a-48e2-4554-9b27-d90750047394', NULL, 'GRADED', '2026-03-19 01:00:00', '2026-03-22 08:30:00', 67.66748167527717, '2026-03-22 08:30:00', NULL, '2025-10-26 13:24:35.711', '2025-10-26 13:24:35.711', NULL);
INSERT INTO public."Submission" (id, "studentId", "assignmentId", "quizId", status, "waktuMulai", "waktuKumpul", nilai, "waktuDinilai", feedback, "createdAt", "updatedAt", "answerPdf") VALUES ('sbm_dbe29568-9028-4e2d-9810-a1098d7b001b', 'std_0ac278eb-b5d2-4a93-b1d8-8468c23ca6a8', 'asn_f9eafc1a-48e2-4554-9b27-d90750047394', NULL, 'GRADED', '2026-03-19 01:00:00', '2026-03-22 08:30:00', 68.53957131677399, '2026-03-22 08:30:00', NULL, '2025-10-26 13:24:35.712', '2025-10-26 13:24:35.712', NULL);
INSERT INTO public."Submission" (id, "studentId", "assignmentId", "quizId", status, "waktuMulai", "waktuKumpul", nilai, "waktuDinilai", feedback, "createdAt", "updatedAt", "answerPdf") VALUES ('sbm_39716e1b-817c-4a2f-9d3b-498479d0e829', 'std_d47e19ec-c7bd-48ca-835c-418b9f841fca', 'asn_f9eafc1a-48e2-4554-9b27-d90750047394', NULL, 'GRADED', '2026-03-19 01:00:00', '2026-03-22 08:30:00', 93.19588536017659, '2026-03-22 08:30:00', NULL, '2025-10-26 13:24:35.713', '2025-10-26 13:24:35.713', NULL);
INSERT INTO public."Submission" (id, "studentId", "assignmentId", "quizId", status, "waktuMulai", "waktuKumpul", nilai, "waktuDinilai", feedback, "createdAt", "updatedAt", "answerPdf") VALUES ('sbm_602f3b5c-9e07-4854-bea7-930601b0c7b0', 'std_72f83348-707f-4c11-99c7-f686dfe7786b', 'asn_f9eafc1a-48e2-4554-9b27-d90750047394', NULL, 'GRADED', '2026-03-19 01:00:00', '2026-03-22 08:30:00', 56.918526843007, '2026-03-22 08:30:00', NULL, '2025-10-26 13:24:35.714', '2025-10-26 13:24:35.714', NULL);
INSERT INTO public."Submission" (id, "studentId", "assignmentId", "quizId", status, "waktuMulai", "waktuKumpul", nilai, "waktuDinilai", feedback, "createdAt", "updatedAt", "answerPdf") VALUES ('sbm_c6b7e7a6-9f71-43ba-97b3-b56cb4160e7f', 'std_59501cb6-ecc4-4274-816c-4b5670e91ccf', 'asn_f9eafc1a-48e2-4554-9b27-d90750047394', NULL, 'GRADED', '2026-03-19 01:00:00', '2026-03-22 08:30:00', 86.40092651159092, '2026-03-22 08:30:00', NULL, '2025-10-26 13:24:35.715', '2025-10-26 13:24:35.715', NULL);
INSERT INTO public."Submission" (id, "studentId", "assignmentId", "quizId", status, "waktuMulai", "waktuKumpul", nilai, "waktuDinilai", feedback, "createdAt", "updatedAt", "answerPdf") VALUES ('sbm_c4156b8b-96b2-4fb1-bd80-5545105d47c0', 'std_51cd4359-04a5-48f4-9f8c-f8a62f82237b', 'asn_f9eafc1a-48e2-4554-9b27-d90750047394', NULL, 'GRADED', '2026-03-19 01:00:00', '2026-03-22 08:30:00', 78.42292775544293, '2026-03-22 08:30:00', NULL, '2025-10-26 13:24:35.719', '2025-10-26 13:24:35.719', NULL);
INSERT INTO public."Submission" (id, "studentId", "assignmentId", "quizId", status, "waktuMulai", "waktuKumpul", nilai, "waktuDinilai", feedback, "createdAt", "updatedAt", "answerPdf") VALUES ('sbm_1f6d5889-3861-4162-abff-f224b12b09cf', 'std_f55d37a4-7d31-464a-a3b7-e5192829bb60', 'asn_f9eafc1a-48e2-4554-9b27-d90750047394', NULL, 'GRADED', '2026-03-19 01:00:00', '2026-03-22 08:30:00', 65.5394345638151, '2026-03-22 08:30:00', NULL, '2025-10-26 13:24:35.72', '2025-10-26 13:24:35.72', NULL);
INSERT INTO public."Submission" (id, "studentId", "assignmentId", "quizId", status, "waktuMulai", "waktuKumpul", nilai, "waktuDinilai", feedback, "createdAt", "updatedAt", "answerPdf") VALUES ('sbm_aef9debc-edc6-4785-854e-6d29aaba34d4', 'std_02d7c461-93c1-4224-a0bb-c797968bd002', 'asn_f9eafc1a-48e2-4554-9b27-d90750047394', NULL, 'GRADED', '2026-03-19 01:00:00', '2026-03-22 08:30:00', 73.20359052558715, '2026-03-22 08:30:00', NULL, '2025-10-26 13:24:35.721', '2025-10-26 13:24:35.721', NULL);
INSERT INTO public."Submission" (id, "studentId", "assignmentId", "quizId", status, "waktuMulai", "waktuKumpul", nilai, "waktuDinilai", feedback, "createdAt", "updatedAt", "answerPdf") VALUES ('sbm_224ddc96-9d0b-42d1-a6a3-45d0bb72a617', 'std_85daecae-ed51-4e8e-9513-87def0424753', 'asn_f9eafc1a-48e2-4554-9b27-d90750047394', NULL, 'GRADED', '2026-03-19 01:00:00', '2026-03-22 08:30:00', 79.74891089161576, '2026-03-22 08:30:00', NULL, '2025-10-26 13:24:35.722', '2025-10-26 13:24:35.722', NULL);
INSERT INTO public."Submission" (id, "studentId", "assignmentId", "quizId", status, "waktuMulai", "waktuKumpul", nilai, "waktuDinilai", feedback, "createdAt", "updatedAt", "answerPdf") VALUES ('sbm_430afef3-7a87-43bf-a7d3-5109a9147016', 'std_4e018638-8f1e-48bc-b798-32965911ca4b', 'asn_f9eafc1a-48e2-4554-9b27-d90750047394', NULL, 'GRADED', '2026-03-19 01:00:00', '2026-03-22 08:30:00', 59.43707800959368, '2026-03-22 08:30:00', NULL, '2025-10-26 13:24:35.723', '2025-10-26 13:24:35.723', NULL);
INSERT INTO public."Submission" (id, "studentId", "assignmentId", "quizId", status, "waktuMulai", "waktuKumpul", nilai, "waktuDinilai", feedback, "createdAt", "updatedAt", "answerPdf") VALUES ('sbm_4950bb39-f91b-4f44-9db1-8dc2f5a5c2d3', 'std_d7404ab9-2772-40eb-9ca8-729bfecd3bc5', 'asn_f9eafc1a-48e2-4554-9b27-d90750047394', NULL, 'GRADED', '2026-03-19 01:00:00', '2026-03-22 08:30:00', 84.57994628602988, '2026-03-22 08:30:00', NULL, '2025-10-26 13:24:35.725', '2025-10-26 13:24:35.725', NULL);
INSERT INTO public."Submission" (id, "studentId", "assignmentId", "quizId", status, "waktuMulai", "waktuKumpul", nilai, "waktuDinilai", feedback, "createdAt", "updatedAt", "answerPdf") VALUES ('sbm_ee306d53-e97c-403a-96c0-fc22642167c2', 'std_34c5d435-251e-459d-bb55-0c594b084d6c', 'asn_f9eafc1a-48e2-4554-9b27-d90750047394', NULL, 'GRADED', '2026-03-19 01:00:00', '2026-03-22 08:30:00', 81.06664335340801, '2026-03-22 08:30:00', NULL, '2025-10-26 13:24:35.726', '2025-10-26 13:24:35.726', NULL);
INSERT INTO public."Submission" (id, "studentId", "assignmentId", "quizId", status, "waktuMulai", "waktuKumpul", nilai, "waktuDinilai", feedback, "createdAt", "updatedAt", "answerPdf") VALUES ('sbm_1996eae6-e80f-44ac-9c86-e7b062c0ba40', 'std_d4060b31-9794-411e-b27f-945fd4ae046d', 'asn_f9eafc1a-48e2-4554-9b27-d90750047394', NULL, 'GRADED', '2026-03-19 01:00:00', '2026-03-22 08:30:00', 45.66969189052104, '2026-03-22 08:30:00', NULL, '2025-10-26 13:24:35.727', '2025-10-26 13:24:35.727', NULL);
INSERT INTO public."Submission" (id, "studentId", "assignmentId", "quizId", status, "waktuMulai", "waktuKumpul", nilai, "waktuDinilai", feedback, "createdAt", "updatedAt", "answerPdf") VALUES ('sbm_c4b1896f-77cb-468d-9391-d7bc3bd404ae', 'std_20167d3f-ac65-4854-909b-1e9b8ce89180', 'asn_f9eafc1a-48e2-4554-9b27-d90750047394', NULL, 'GRADED', '2026-03-19 01:00:00', '2026-03-22 08:30:00', 83.70375145110302, '2026-03-22 08:30:00', NULL, '2025-10-26 13:24:35.728', '2025-10-26 13:24:35.728', NULL);
INSERT INTO public."Submission" (id, "studentId", "assignmentId", "quizId", status, "waktuMulai", "waktuKumpul", nilai, "waktuDinilai", feedback, "createdAt", "updatedAt", "answerPdf") VALUES ('sbm_3860bcd5-e357-41b9-ac1f-452a5bf17b7a', 'std_c709f9dd-6aa5-4676-8c7d-9311698e55c0', 'asn_f9eafc1a-48e2-4554-9b27-d90750047394', NULL, 'GRADED', '2026-03-19 01:00:00', '2026-03-22 08:30:00', 78.37904478920582, '2026-03-22 08:30:00', NULL, '2025-10-26 13:24:35.729', '2025-10-26 13:24:35.729', NULL);
INSERT INTO public."Submission" (id, "studentId", "assignmentId", "quizId", status, "waktuMulai", "waktuKumpul", nilai, "waktuDinilai", feedback, "createdAt", "updatedAt", "answerPdf") VALUES ('sbm_6fde69d3-ba9d-4213-b68a-3368a1e2d15c', 'std_0b3f5e14-0b48-4b88-87ab-b2efa9b0b5e1', 'asn_f9eafc1a-48e2-4554-9b27-d90750047394', NULL, 'GRADED', '2026-03-19 01:00:00', '2026-03-22 08:30:00', 70.44253488829585, '2026-03-22 08:30:00', NULL, '2025-10-26 13:24:35.73', '2025-10-26 13:24:35.73', NULL);
INSERT INTO public."Submission" (id, "studentId", "assignmentId", "quizId", status, "waktuMulai", "waktuKumpul", nilai, "waktuDinilai", feedback, "createdAt", "updatedAt", "answerPdf") VALUES ('sbm_1ded84ba-2995-42d4-9904-948eaec6df2f', 'std_c6809a15-875c-4037-8063-06211563788f', 'asn_f9eafc1a-48e2-4554-9b27-d90750047394', NULL, 'GRADED', '2026-03-19 01:00:00', '2026-03-22 08:30:00', 64.09443250737321, '2026-03-22 08:30:00', NULL, '2025-10-26 13:24:35.731', '2025-10-26 13:24:35.731', NULL);
INSERT INTO public."Submission" (id, "studentId", "assignmentId", "quizId", status, "waktuMulai", "waktuKumpul", nilai, "waktuDinilai", feedback, "createdAt", "updatedAt", "answerPdf") VALUES ('sbm_980a6b26-458c-46e8-b7fb-728ab3e94113', 'std_066c9846-5a21-448a-aef8-6c28cfa367b4', 'asn_7b4aec93-b0d8-4bbd-be10-04e950acd61f', NULL, 'GRADED', '2026-03-20 01:00:00', '2026-03-23 08:30:00', 86.30802383334657, '2026-03-23 08:30:00', NULL, '2025-10-26 13:24:35.734', '2025-10-26 13:24:35.734', NULL);
INSERT INTO public."Submission" (id, "studentId", "assignmentId", "quizId", status, "waktuMulai", "waktuKumpul", nilai, "waktuDinilai", feedback, "createdAt", "updatedAt", "answerPdf") VALUES ('sbm_c1ec3901-8863-413f-b337-f59c361e0731', 'std_f2907746-5df0-4e80-b24a-538b9e505821', 'asn_7b4aec93-b0d8-4bbd-be10-04e950acd61f', NULL, 'GRADED', '2026-03-20 01:00:00', '2026-03-23 08:30:00', 68.52617964756453, '2026-03-23 08:30:00', NULL, '2025-10-26 13:24:35.735', '2025-10-26 13:24:35.735', NULL);
INSERT INTO public."Submission" (id, "studentId", "assignmentId", "quizId", status, "waktuMulai", "waktuKumpul", nilai, "waktuDinilai", feedback, "createdAt", "updatedAt", "answerPdf") VALUES ('sbm_e0ba240c-2681-4200-b22c-51249d514bb7', 'std_096413bc-fe2b-45ae-a86a-1f647bc928fd', 'asn_7b4aec93-b0d8-4bbd-be10-04e950acd61f', NULL, 'GRADED', '2026-03-20 01:00:00', '2026-03-23 08:30:00', 59.53647138881409, '2026-03-23 08:30:00', NULL, '2025-10-26 13:24:35.736', '2025-10-26 13:24:35.736', NULL);
INSERT INTO public."Submission" (id, "studentId", "assignmentId", "quizId", status, "waktuMulai", "waktuKumpul", nilai, "waktuDinilai", feedback, "createdAt", "updatedAt", "answerPdf") VALUES ('sbm_fe2fb6f2-a4d9-4cef-89a4-ebbb129c3cfa', 'std_787afa27-9a52-4fe2-8ec4-228b924e5d29', 'asn_7b4aec93-b0d8-4bbd-be10-04e950acd61f', NULL, 'GRADED', '2026-03-20 01:00:00', '2026-03-23 08:30:00', 89.6948824055901, '2026-03-23 08:30:00', NULL, '2025-10-26 13:24:35.737', '2025-10-26 13:24:35.737', NULL);
INSERT INTO public."Submission" (id, "studentId", "assignmentId", "quizId", status, "waktuMulai", "waktuKumpul", nilai, "waktuDinilai", feedback, "createdAt", "updatedAt", "answerPdf") VALUES ('sbm_117b5ec9-7ade-4ff5-b764-0fd415b9e616', 'std_599d0a9e-b3bc-4fac-8ca2-76fae0680b61', 'asn_7b4aec93-b0d8-4bbd-be10-04e950acd61f', NULL, 'GRADED', '2026-03-20 01:00:00', '2026-03-23 08:30:00', 90.088329754721, '2026-03-23 08:30:00', NULL, '2025-10-26 13:24:35.739', '2025-10-26 13:24:35.739', NULL);
INSERT INTO public."Submission" (id, "studentId", "assignmentId", "quizId", status, "waktuMulai", "waktuKumpul", nilai, "waktuDinilai", feedback, "createdAt", "updatedAt", "answerPdf") VALUES ('sbm_f675f647-e0fa-4035-94a2-929689f4b9d3', 'std_58515e02-3c71-4a4d-b2b5-a5471e1733e6', 'asn_7b4aec93-b0d8-4bbd-be10-04e950acd61f', NULL, 'GRADED', '2026-03-20 01:00:00', '2026-03-23 08:30:00', 83.02490430102694, '2026-03-23 08:30:00', NULL, '2025-10-26 13:24:35.74', '2025-10-26 13:24:35.74', NULL);
INSERT INTO public."Submission" (id, "studentId", "assignmentId", "quizId", status, "waktuMulai", "waktuKumpul", nilai, "waktuDinilai", feedback, "createdAt", "updatedAt", "answerPdf") VALUES ('sbm_44af1736-fcbf-40d1-a677-ad45fa057397', 'std_b253a32f-9c6d-44c0-a5e1-c3f9e04509b6', 'asn_7b4aec93-b0d8-4bbd-be10-04e950acd61f', NULL, 'GRADED', '2026-03-20 01:00:00', '2026-03-23 08:30:00', 79.23452487860415, '2026-03-23 08:30:00', NULL, '2025-10-26 13:24:35.741', '2025-10-26 13:24:35.741', NULL);
INSERT INTO public."Submission" (id, "studentId", "assignmentId", "quizId", status, "waktuMulai", "waktuKumpul", nilai, "waktuDinilai", feedback, "createdAt", "updatedAt", "answerPdf") VALUES ('sbm_448ca6f8-a33b-4359-b08e-8024dacff66e', 'std_81936bfe-f160-47f7-ae59-e003a34326d1', 'asn_7b4aec93-b0d8-4bbd-be10-04e950acd61f', NULL, 'GRADED', '2026-03-20 01:00:00', '2026-03-23 08:30:00', 95.50850223168091, '2026-03-23 08:30:00', NULL, '2025-10-26 13:24:35.742', '2025-10-26 13:24:35.742', NULL);
INSERT INTO public."Submission" (id, "studentId", "assignmentId", "quizId", status, "waktuMulai", "waktuKumpul", nilai, "waktuDinilai", feedback, "createdAt", "updatedAt", "answerPdf") VALUES ('sbm_ad38347a-def7-4b32-b4ab-8158c01b6f93', 'std_c9982d82-fe8e-43df-8888-11e41afb3f29', 'asn_7b4aec93-b0d8-4bbd-be10-04e950acd61f', NULL, 'GRADED', '2026-03-20 01:00:00', '2026-03-23 08:30:00', 71.65201173088535, '2026-03-23 08:30:00', NULL, '2025-10-26 13:24:35.743', '2025-10-26 13:24:35.743', NULL);
INSERT INTO public."Submission" (id, "studentId", "assignmentId", "quizId", status, "waktuMulai", "waktuKumpul", nilai, "waktuDinilai", feedback, "createdAt", "updatedAt", "answerPdf") VALUES ('sbm_fb07f9b1-5db2-4656-8c95-019b861e206c', 'std_1ea3338f-79b5-4722-a438-a8d083cde6c3', 'asn_7b4aec93-b0d8-4bbd-be10-04e950acd61f', NULL, 'GRADED', '2026-03-20 01:00:00', '2026-03-23 08:30:00', 62.52924294142051, '2026-03-23 08:30:00', NULL, '2025-10-26 13:24:35.744', '2025-10-26 13:24:35.744', NULL);
INSERT INTO public."Submission" (id, "studentId", "assignmentId", "quizId", status, "waktuMulai", "waktuKumpul", nilai, "waktuDinilai", feedback, "createdAt", "updatedAt", "answerPdf") VALUES ('sbm_23ee4404-85ce-4918-9532-68f14387d400', 'std_1d969761-98fa-432d-9bfc-a715e5b38ece', 'asn_7b4aec93-b0d8-4bbd-be10-04e950acd61f', NULL, 'GRADED', '2026-03-20 01:00:00', '2026-03-23 08:30:00', 75.39195842142361, '2026-03-23 08:30:00', NULL, '2025-10-26 13:24:35.745', '2025-10-26 13:24:35.745', NULL);
INSERT INTO public."Submission" (id, "studentId", "assignmentId", "quizId", status, "waktuMulai", "waktuKumpul", nilai, "waktuDinilai", feedback, "createdAt", "updatedAt", "answerPdf") VALUES ('sbm_a2b4479d-dd75-47c8-88ff-cd5c182fd011', 'std_518eb873-0c78-4504-ac08-a420b87dae2f', 'asn_7b4aec93-b0d8-4bbd-be10-04e950acd61f', NULL, 'GRADED', '2026-03-20 01:00:00', '2026-03-23 08:30:00', 83.80287202115842, '2026-03-23 08:30:00', NULL, '2025-10-26 13:24:35.747', '2025-10-26 13:24:35.747', NULL);
INSERT INTO public."Submission" (id, "studentId", "assignmentId", "quizId", status, "waktuMulai", "waktuKumpul", nilai, "waktuDinilai", feedback, "createdAt", "updatedAt", "answerPdf") VALUES ('sbm_468fbfd4-8aa2-4e12-b699-1f7f9a7253b8', 'std_64230585-af3f-4b3d-8c0b-9a0b80c0095a', 'asn_7b4aec93-b0d8-4bbd-be10-04e950acd61f', NULL, 'GRADED', '2026-03-20 01:00:00', '2026-03-23 08:30:00', 84.16616613967696, '2026-03-23 08:30:00', NULL, '2025-10-26 13:24:35.748', '2025-10-26 13:24:35.748', NULL);
INSERT INTO public."Submission" (id, "studentId", "assignmentId", "quizId", status, "waktuMulai", "waktuKumpul", nilai, "waktuDinilai", feedback, "createdAt", "updatedAt", "answerPdf") VALUES ('sbm_53687bd4-01e7-4b3d-9910-a9f566acbf8a', 'std_d022b0fd-d799-4fad-992d-ead39ef3fbd5', 'asn_7b4aec93-b0d8-4bbd-be10-04e950acd61f', NULL, 'GRADED', '2026-03-20 01:00:00', '2026-03-23 08:30:00', 72.02214261381904, '2026-03-23 08:30:00', NULL, '2025-10-26 13:24:35.749', '2025-10-26 13:24:35.749', NULL);
INSERT INTO public."Submission" (id, "studentId", "assignmentId", "quizId", status, "waktuMulai", "waktuKumpul", nilai, "waktuDinilai", feedback, "createdAt", "updatedAt", "answerPdf") VALUES ('sbm_038c9107-ff88-4ced-933e-f4233c4b7665', 'std_790a4e6d-c6ab-4a35-a64f-d43252cda648', 'asn_7b4aec93-b0d8-4bbd-be10-04e950acd61f', NULL, 'GRADED', '2026-03-20 01:00:00', '2026-03-23 08:30:00', 68.86565101977982, '2026-03-23 08:30:00', NULL, '2025-10-26 13:24:35.75', '2025-10-26 13:24:35.75', NULL);
INSERT INTO public."Submission" (id, "studentId", "assignmentId", "quizId", status, "waktuMulai", "waktuKumpul", nilai, "waktuDinilai", feedback, "createdAt", "updatedAt", "answerPdf") VALUES ('sbm_f8964144-1d04-424a-bca7-2b4fd3025285', 'std_33982b04-1b66-449b-905d-afe213f871d9', 'asn_7b4aec93-b0d8-4bbd-be10-04e950acd61f', NULL, 'GRADED', '2026-03-20 01:00:00', '2026-03-23 08:30:00', 63.37215219703153, '2026-03-23 08:30:00', NULL, '2025-10-26 13:24:35.751', '2025-10-26 13:24:35.751', NULL);
INSERT INTO public."Submission" (id, "studentId", "assignmentId", "quizId", status, "waktuMulai", "waktuKumpul", nilai, "waktuDinilai", feedback, "createdAt", "updatedAt", "answerPdf") VALUES ('sbm_23184a64-f629-4a15-9142-1fc45b6fab69', 'std_28f171ed-0387-493a-ba47-d994087eedb1', 'asn_7b4aec93-b0d8-4bbd-be10-04e950acd61f', NULL, 'GRADED', '2026-03-20 01:00:00', '2026-03-23 08:30:00', 88.56457088777344, '2026-03-23 08:30:00', NULL, '2025-10-26 13:24:35.752', '2025-10-26 13:24:35.752', NULL);
INSERT INTO public."Submission" (id, "studentId", "assignmentId", "quizId", status, "waktuMulai", "waktuKumpul", nilai, "waktuDinilai", feedback, "createdAt", "updatedAt", "answerPdf") VALUES ('sbm_f93d690e-a79d-40ac-b9f5-ccacdf5751c4', 'std_0ac278eb-b5d2-4a93-b1d8-8468c23ca6a8', 'asn_7b4aec93-b0d8-4bbd-be10-04e950acd61f', NULL, 'GRADED', '2026-03-20 01:00:00', '2026-03-23 08:30:00', 62.4743974717909, '2026-03-23 08:30:00', NULL, '2025-10-26 13:24:35.755', '2025-10-26 13:24:35.755', NULL);
INSERT INTO public."Submission" (id, "studentId", "assignmentId", "quizId", status, "waktuMulai", "waktuKumpul", nilai, "waktuDinilai", feedback, "createdAt", "updatedAt", "answerPdf") VALUES ('sbm_6d65389d-b84f-4df1-bbf9-faf73b01f83d', 'std_d47e19ec-c7bd-48ca-835c-418b9f841fca', 'asn_7b4aec93-b0d8-4bbd-be10-04e950acd61f', NULL, 'GRADED', '2026-03-20 01:00:00', '2026-03-23 08:30:00', 82.9464433778963, '2026-03-23 08:30:00', NULL, '2025-10-26 13:24:35.756', '2025-10-26 13:24:35.756', NULL);
INSERT INTO public."Submission" (id, "studentId", "assignmentId", "quizId", status, "waktuMulai", "waktuKumpul", nilai, "waktuDinilai", feedback, "createdAt", "updatedAt", "answerPdf") VALUES ('sbm_4462989d-35d2-4397-95f7-92f03a63ac6d', 'std_72f83348-707f-4c11-99c7-f686dfe7786b', 'asn_7b4aec93-b0d8-4bbd-be10-04e950acd61f', NULL, 'GRADED', '2026-03-20 01:00:00', '2026-03-23 08:30:00', 80.20104883754624, '2026-03-23 08:30:00', NULL, '2025-10-26 13:24:35.757', '2025-10-26 13:24:35.757', NULL);
INSERT INTO public."Submission" (id, "studentId", "assignmentId", "quizId", status, "waktuMulai", "waktuKumpul", nilai, "waktuDinilai", feedback, "createdAt", "updatedAt", "answerPdf") VALUES ('sbm_7fa5bb33-d21e-4abd-8897-427bb2cf6165', 'std_59501cb6-ecc4-4274-816c-4b5670e91ccf', 'asn_7b4aec93-b0d8-4bbd-be10-04e950acd61f', NULL, 'GRADED', '2026-03-20 01:00:00', '2026-03-23 08:30:00', 92.37956402579032, '2026-03-23 08:30:00', NULL, '2025-10-26 13:24:35.758', '2025-10-26 13:24:35.758', NULL);
INSERT INTO public."Submission" (id, "studentId", "assignmentId", "quizId", status, "waktuMulai", "waktuKumpul", nilai, "waktuDinilai", feedback, "createdAt", "updatedAt", "answerPdf") VALUES ('sbm_9698842d-acf0-4ca1-82eb-576c4c7a8a61', 'std_51cd4359-04a5-48f4-9f8c-f8a62f82237b', 'asn_7b4aec93-b0d8-4bbd-be10-04e950acd61f', NULL, 'GRADED', '2026-03-20 01:00:00', '2026-03-23 08:30:00', 86.99663698307714, '2026-03-23 08:30:00', NULL, '2025-10-26 13:24:35.759', '2025-10-26 13:24:35.759', NULL);
INSERT INTO public."Submission" (id, "studentId", "assignmentId", "quizId", status, "waktuMulai", "waktuKumpul", nilai, "waktuDinilai", feedback, "createdAt", "updatedAt", "answerPdf") VALUES ('sbm_f7efc144-0a93-4696-a32d-2354e72cd345', 'std_f55d37a4-7d31-464a-a3b7-e5192829bb60', 'asn_7b4aec93-b0d8-4bbd-be10-04e950acd61f', NULL, 'GRADED', '2026-03-20 01:00:00', '2026-03-23 08:30:00', 59.4083029322446, '2026-03-23 08:30:00', NULL, '2025-10-26 13:24:35.761', '2025-10-26 13:24:35.761', NULL);
INSERT INTO public."Submission" (id, "studentId", "assignmentId", "quizId", status, "waktuMulai", "waktuKumpul", nilai, "waktuDinilai", feedback, "createdAt", "updatedAt", "answerPdf") VALUES ('sbm_8826ac72-9027-4f63-aafc-2b7a60d2989d', 'std_02d7c461-93c1-4224-a0bb-c797968bd002', 'asn_7b4aec93-b0d8-4bbd-be10-04e950acd61f', NULL, 'GRADED', '2026-03-20 01:00:00', '2026-03-23 08:30:00', 65.25759387526071, '2026-03-23 08:30:00', NULL, '2025-10-26 13:24:35.762', '2025-10-26 13:24:35.762', NULL);
INSERT INTO public."Submission" (id, "studentId", "assignmentId", "quizId", status, "waktuMulai", "waktuKumpul", nilai, "waktuDinilai", feedback, "createdAt", "updatedAt", "answerPdf") VALUES ('sbm_acccc22a-dbbe-4c7d-a3fd-c7180f4d1ba3', 'std_85daecae-ed51-4e8e-9513-87def0424753', 'asn_7b4aec93-b0d8-4bbd-be10-04e950acd61f', NULL, 'GRADED', '2026-03-20 01:00:00', '2026-03-23 08:30:00', 79.72656480639294, '2026-03-23 08:30:00', NULL, '2025-10-26 13:24:35.763', '2025-10-26 13:24:35.763', NULL);
INSERT INTO public."Submission" (id, "studentId", "assignmentId", "quizId", status, "waktuMulai", "waktuKumpul", nilai, "waktuDinilai", feedback, "createdAt", "updatedAt", "answerPdf") VALUES ('sbm_3de8d541-8348-4ecb-8ac8-04c3a1e49ab7', 'std_4e018638-8f1e-48bc-b798-32965911ca4b', 'asn_7b4aec93-b0d8-4bbd-be10-04e950acd61f', NULL, 'GRADED', '2026-03-20 01:00:00', '2026-03-23 08:30:00', 92.16216163608624, '2026-03-23 08:30:00', NULL, '2025-10-26 13:24:35.764', '2025-10-26 13:24:35.764', NULL);
INSERT INTO public."Submission" (id, "studentId", "assignmentId", "quizId", status, "waktuMulai", "waktuKumpul", nilai, "waktuDinilai", feedback, "createdAt", "updatedAt", "answerPdf") VALUES ('sbm_c4d81806-bc10-44eb-b678-dc4a0d094e3d', 'std_d7404ab9-2772-40eb-9ca8-729bfecd3bc5', 'asn_7b4aec93-b0d8-4bbd-be10-04e950acd61f', NULL, 'GRADED', '2026-03-20 01:00:00', '2026-03-23 08:30:00', 87.08206583942676, '2026-03-23 08:30:00', NULL, '2025-10-26 13:24:35.765', '2025-10-26 13:24:35.765', NULL);
INSERT INTO public."Submission" (id, "studentId", "assignmentId", "quizId", status, "waktuMulai", "waktuKumpul", nilai, "waktuDinilai", feedback, "createdAt", "updatedAt", "answerPdf") VALUES ('sbm_d747b32a-d69a-4375-9f0b-3388efb2bb2e', 'std_34c5d435-251e-459d-bb55-0c594b084d6c', 'asn_7b4aec93-b0d8-4bbd-be10-04e950acd61f', NULL, 'GRADED', '2026-03-20 01:00:00', '2026-03-23 08:30:00', 73.8524075712788, '2026-03-23 08:30:00', NULL, '2025-10-26 13:24:35.766', '2025-10-26 13:24:35.766', NULL);
INSERT INTO public."Submission" (id, "studentId", "assignmentId", "quizId", status, "waktuMulai", "waktuKumpul", nilai, "waktuDinilai", feedback, "createdAt", "updatedAt", "answerPdf") VALUES ('sbm_a7bac265-034c-4d4c-922b-40673202829c', 'std_d4060b31-9794-411e-b27f-945fd4ae046d', 'asn_7b4aec93-b0d8-4bbd-be10-04e950acd61f', NULL, 'GRADED', '2026-03-20 01:00:00', '2026-03-23 08:30:00', 67.76381696681955, '2026-03-23 08:30:00', NULL, '2025-10-26 13:24:35.767', '2025-10-26 13:24:35.767', NULL);
INSERT INTO public."Submission" (id, "studentId", "assignmentId", "quizId", status, "waktuMulai", "waktuKumpul", nilai, "waktuDinilai", feedback, "createdAt", "updatedAt", "answerPdf") VALUES ('sbm_a0851ff2-ab01-4514-ae2a-7ab1695f90c4', 'std_20167d3f-ac65-4854-909b-1e9b8ce89180', 'asn_7b4aec93-b0d8-4bbd-be10-04e950acd61f', NULL, 'GRADED', '2026-03-20 01:00:00', '2026-03-23 08:30:00', 67.15281608065447, '2026-03-23 08:30:00', NULL, '2025-10-26 13:24:35.768', '2025-10-26 13:24:35.768', NULL);
INSERT INTO public."Submission" (id, "studentId", "assignmentId", "quizId", status, "waktuMulai", "waktuKumpul", nilai, "waktuDinilai", feedback, "createdAt", "updatedAt", "answerPdf") VALUES ('sbm_8c5754b4-5bab-4909-96fb-ee802d664a0a', 'std_c709f9dd-6aa5-4676-8c7d-9311698e55c0', 'asn_7b4aec93-b0d8-4bbd-be10-04e950acd61f', NULL, 'GRADED', '2026-03-20 01:00:00', '2026-03-23 08:30:00', 88.19755347013393, '2026-03-23 08:30:00', NULL, '2025-10-26 13:24:35.769', '2025-10-26 13:24:35.769', NULL);
INSERT INTO public."Submission" (id, "studentId", "assignmentId", "quizId", status, "waktuMulai", "waktuKumpul", nilai, "waktuDinilai", feedback, "createdAt", "updatedAt", "answerPdf") VALUES ('sbm_e2b3529f-6e48-40e4-8efc-c625aa08f2cd', 'std_0b3f5e14-0b48-4b88-87ab-b2efa9b0b5e1', 'asn_7b4aec93-b0d8-4bbd-be10-04e950acd61f', NULL, 'GRADED', '2026-03-20 01:00:00', '2026-03-23 08:30:00', 80.07464405335254, '2026-03-23 08:30:00', NULL, '2025-10-26 13:24:35.771', '2025-10-26 13:24:35.771', NULL);
INSERT INTO public."Submission" (id, "studentId", "assignmentId", "quizId", status, "waktuMulai", "waktuKumpul", nilai, "waktuDinilai", feedback, "createdAt", "updatedAt", "answerPdf") VALUES ('sbm_3fb4faa1-8693-45da-b383-a1e7e350ece3', 'std_c6809a15-875c-4037-8063-06211563788f', 'asn_7b4aec93-b0d8-4bbd-be10-04e950acd61f', NULL, 'GRADED', '2026-03-20 01:00:00', '2026-03-23 08:30:00', 59.85734174078448, '2026-03-23 08:30:00', NULL, '2025-10-26 13:24:35.772', '2025-10-26 13:24:35.772', NULL);


--
-- Data for Name: Tutor; Type: TABLE DATA; Schema: public; Owner: neondb_owner
--

INSERT INTO public."Tutor" (id, "userId", "namaLengkap", bio, pendidikan, pengalaman, telepon, "fotoUrl", "createdAt", "updatedAt", status) VALUES ('ttr_1ddf1d01-642a-41c3-b4c1-33a7eb4d612c', 'usr_535e07d2-2492-4a89-b4c5-81995e2dd34c', 'Herfi Baung, S.Pd', NULL, 'S1 Sarjana Pendidikan', NULL, NULL, NULL, '2025-08-04 06:19:14.799', '2025-08-04 06:19:14.799', 'ACTIVE');
INSERT INTO public."Tutor" (id, "userId", "namaLengkap", bio, pendidikan, pengalaman, telepon, "fotoUrl", "createdAt", "updatedAt", status) VALUES ('ttr_2b99c418-552e-4a6e-a4ec-efb9e63d5154', 'usr_49f32a98-f0c1-41c1-b82b-2ee11bb7b83e', 'Yantonius Henuk, S.Th, M. Div', '', 'S1 Sarjana Teologi, S2 Magister Divinitas', '', '', NULL, '2025-07-29 02:24:25.428', '2025-08-04 06:19:31.514', 'ACTIVE');
INSERT INTO public."Tutor" (id, "userId", "namaLengkap", bio, pendidikan, pengalaman, telepon, "fotoUrl", "createdAt", "updatedAt", status) VALUES ('ttr_a9924f5f-c427-4ddd-ab9a-f2467809cb8f', 'usr_d4ad09d2-d62d-401b-97b8-2c7b64299080', 'Erna Adu, S.Pd', '', 'S1 Sarjana Pendidikan', '', '', NULL, '2025-08-04 06:14:41.781', '2025-08-04 06:19:50.88', 'ACTIVE');
INSERT INTO public."Tutor" (id, "userId", "namaLengkap", bio, pendidikan, pengalaman, telepon, "fotoUrl", "createdAt", "updatedAt", status) VALUES ('ttr_2439b01d-f6d1-4fb0-92b4-051df8dd0701', 'usr_3178faf3-0aee-4a35-adfc-5dd4a0e9ed6e', 'Fony Mella, S.Th', '', 'S1 Sarjana Teologi', '', '', NULL, '2025-08-04 06:15:35.114', '2025-08-04 06:20:05.488', 'ACTIVE');
INSERT INTO public."Tutor" (id, "userId", "namaLengkap", bio, pendidikan, pengalaman, telepon, "fotoUrl", "createdAt", "updatedAt", status) VALUES ('ttr_1b4542f0-8a2a-443f-9454-f66109537608', 'usr_a386dbc6-bcc4-4e2f-bff6-d4102607e0ef', 'Linda Leka, S.E', NULL, 'S1 Sarjana Ekonomi', NULL, NULL, NULL, '2025-08-04 06:20:57.974', '2025-08-04 06:20:57.974', 'ACTIVE');
INSERT INTO public."Tutor" (id, "userId", "namaLengkap", bio, pendidikan, pengalaman, telepon, "fotoUrl", "createdAt", "updatedAt", status) VALUES ('ttr_30300d81-0687-443c-9d4a-e5deed532d44', 'usr_49a328e5-f844-4aed-a0ef-9458dd386ed8', 'Salomi Leka, S.Pd, M.Pd', NULL, 'S1 Sarjana Pendidikan, S2 Magister Pendidikan', NULL, NULL, NULL, '2025-08-04 06:22:24.032', '2025-08-04 06:22:24.032', 'ACTIVE');
INSERT INTO public."Tutor" (id, "userId", "namaLengkap", bio, pendidikan, pengalaman, telepon, "fotoUrl", "createdAt", "updatedAt", status) VALUES ('ttr_07e7d213-440e-449e-8ee1-fff6433c1988', 'usr_09411bb0-4c64-4954-abb7-a3610392f719', 'Yerniaman Laia, S.Th', NULL, 'S1 Sarjana Teologi', NULL, NULL, NULL, '2025-08-04 06:23:37.335', '2025-08-04 06:23:37.335', 'ACTIVE');


--
-- Data for Name: User; Type: TABLE DATA; Schema: public; Owner: neondb_owner
--

INSERT INTO public."User" (id, nama, email, password, role, status, "createdAt", "updatedAt", "lastLoginAt") VALUES ('usr_6248b87d-fec8-48a0-961c-b9909737d3ac', 'Maxihil Aditia Kikhau', 'maxihil.aditia.kikhau@gmail.com', '$2b$10$i/VEh0eU8tOAneQNGOZ8hurY8DwozlGCWNcvjb0w3IorePvlwLzZ.', 'STUDENT', 'ACTIVE', '2025-08-04 14:38:24.313', '2025-09-18 14:59:01.185', '2025-09-18 14:59:01.185');
INSERT INTO public."User" (id, nama, email, password, role, status, "createdAt", "updatedAt", "lastLoginAt") VALUES ('usr_e59c9d8c-d275-4be0-8b13-9878b0e244f9', 'Friti Adriani Nawa', 'friti.adriani.nawa@gmail.com', '$2b$10$T7H30ZQpBdAjS9tm7GKlIuwfFYTspUikL3LF4jVP7ooRVQjJ/vJSm', 'STUDENT', 'ACTIVE', '2025-08-04 14:38:24.313', '2025-09-18 15:02:19.007', '2025-09-18 15:02:19.006');
INSERT INTO public."User" (id, nama, email, password, role, status, "createdAt", "updatedAt", "lastLoginAt") VALUES ('usr_c8b70544-4895-4913-9a0e-16e5a44697a2', 'Julianto Imanuel Faot', 'julianto.imanuel.faot@gmail.com', '$2b$10$sXqv19w7yDfxqxfjmYVCK.ubJQm6QxB7TB060k7XpwINuP5dX9P72', 'STUDENT', 'ACTIVE', '2025-08-04 14:38:24.313', '2025-09-18 15:05:09.888', '2025-09-18 15:05:09.887');
INSERT INTO public."User" (id, nama, email, password, role, status, "createdAt", "updatedAt", "lastLoginAt") VALUES ('usr_4f7aa3af-a484-42a5-acd8-e74e158878ad', 'Rina Amasia Timung', 'rina.amasia.timung@gmail.com', '$2b$10$Gca3esLQkDc5iEZeM4S5PeOMnmxqzUHWZhdrx8QUfo42L5J6w.CvK', 'STUDENT', 'ACTIVE', '2025-08-04 14:38:24.313', '2025-09-18 14:51:39.364', '2025-09-18 14:51:39.363');
INSERT INTO public."User" (id, nama, email, password, role, status, "createdAt", "updatedAt", "lastLoginAt") VALUES ('usr_f99edfda-94bd-43e2-967e-927d502ae715', 'TANTRI PONG', 'tantri.pong@gmail.com', '$2b$10$OHET1/AylkyiuKgimgCcQOmzRdbh4ycHsT85c5RLO/obohUZIo6YC', 'STUDENT', 'ACTIVE', '2025-08-04 14:38:24.313', '2025-09-18 14:54:43.886', '2025-09-18 14:54:43.885');
INSERT INTO public."User" (id, nama, email, password, role, status, "createdAt", "updatedAt", "lastLoginAt") VALUES ('usr_19d765d5-7d62-42a9-a0f3-7682ef4c3089', 'Agustinus Simon Sabon Lamawitak', 'agustinus.simon.sabon.lamawitak@gmail.com', '$2b$10$cTyKEYcfNgEKhdDxdJjHOe8gw8eWkgt8ol.hAwrZH/WQOjFLOo5c6', 'STUDENT', 'ACTIVE', '2025-08-04 14:38:24.313', '2025-09-18 14:48:40.415', '2025-09-18 14:48:40.414');
INSERT INTO public."User" (id, nama, email, password, role, status, "createdAt", "updatedAt", "lastLoginAt") VALUES ('usr_c75b849a-4ae1-4db4-8bd1-550f804b7676', 'Iksan Muhammad Leganefo', 'iksan.muhammad.leganefo@gmail.com', '$2b$10$hlk1HK1Zac.b5xdCk6OXPeb/y9ZXeyN4Vf5d55L0murs/ZYfXa6LG', 'STUDENT', 'ACTIVE', '2025-08-04 14:38:24.313', '2025-09-18 15:06:23.655', '2025-09-18 15:06:23.654');
INSERT INTO public."User" (id, nama, email, password, role, status, "createdAt", "updatedAt", "lastLoginAt") VALUES ('usr_2bd3601e-093e-4a83-bb62-73304777e575', 'Diandra Veren Mata', 'diandra.veren.mata@gmail.com', '$2b$10$U4HdKhuJpxtUmnyM.SMcxuIRAXMhk13jWmKufp2el6Q.3MptYoF22', 'STUDENT', 'ACTIVE', '2025-08-04 14:38:24.313', '2025-09-18 15:04:17.94', '2025-09-18 15:04:17.927');
INSERT INTO public."User" (id, nama, email, password, role, status, "createdAt", "updatedAt", "lastLoginAt") VALUES ('usr_fb59e087-3048-460d-939f-c9e625d71e61', 'Dewi Sandra Hele', 'dewi.sandra.hele@gmail.com', '$2b$10$908B/AcC53QVB/ANo9vW6OChGvk1VcU2AThtzwZtBpgPgMD64f3ze', 'STUDENT', 'ACTIVE', '2025-08-04 14:38:24.313', '2025-09-18 15:02:20.045', '2025-09-18 15:02:20.034');
INSERT INTO public."User" (id, nama, email, password, role, status, "createdAt", "updatedAt", "lastLoginAt") VALUES ('usr_d023eb05-437f-4964-b037-986e93ebbe90', 'Papy Marchos Imanuel Kase', 'papy.marchos.imanuel.kase@gmail.com', '$2b$10$tS12K1MIM2AQBdAr.U1qz.hsOEHV93XlpdYR58wmGWwz8y/BhR97O', 'STUDENT', 'ACTIVE', '2025-08-04 14:38:24.313', '2025-09-18 14:39:40.677', '2025-09-18 14:39:40.676');
INSERT INTO public."User" (id, nama, email, password, role, status, "createdAt", "updatedAt", "lastLoginAt") VALUES ('usr_8b705b1a-4ae8-4c6d-b79e-b9a45cbc2f13', 'Yunus Fallo', 'yunus.fallo@gmail.com', '$2b$10$nf.aQCNvV5ylQYPKg2iv7O.FbBSllCksMJWKk9BbtRbTV8.fIQrda', 'STUDENT', 'ACTIVE', '2025-08-04 14:38:24.313', '2025-09-18 14:59:32.789', '2025-09-18 14:59:32.788');
INSERT INTO public."User" (id, nama, email, password, role, status, "createdAt", "updatedAt", "lastLoginAt") VALUES ('usr_560e765d-fee1-4725-9124-661d2c30b92a', 'DENIS MAU', 'denis.mau@gmail.com', '$2b$10$Eu9PVaeqkkuf09eNJ77WB.TxYKo7wosQ7MAqcqvua5hz664MR7VbG', 'STUDENT', 'ACTIVE', '2025-08-04 14:38:24.313', '2025-09-18 15:01:20.917', '2025-09-18 15:01:20.916');
INSERT INTO public."User" (id, nama, email, password, role, status, "createdAt", "updatedAt", "lastLoginAt") VALUES ('usr_905e17b4-1e76-4576-beed-3531ea5b3aab', 'Yosafat Kore', 'yosafat.kore@gmail.com', '$2b$10$0g/Ns3XfDKHkL/kjVqXPRupbB1gijO77Ocaok3TsSBenARaLolBiC', 'STUDENT', 'ACTIVE', '2025-08-04 14:38:24.313', '2025-09-18 15:04:50.167', '2025-09-18 15:04:50.166');
INSERT INTO public."User" (id, nama, email, password, role, status, "createdAt", "updatedAt", "lastLoginAt") VALUES ('usr_9727ac8b-9eaa-4286-b5d7-2ce12b71759f', 'Margareta Ria Baka', 'margareta.ria.baka@gmail.com', '$2b$10$L5OB1ZbpEWcJ9..KAZvecuDIGC73qEMa7.L/rzlG0WHXp39BlUGRW', 'STUDENT', 'ACTIVE', '2025-08-04 14:38:24.313', '2025-09-18 15:06:44.306', '2025-09-18 15:06:44.305');
INSERT INTO public."User" (id, nama, email, password, role, status, "createdAt", "updatedAt", "lastLoginAt") VALUES ('usr_ba202ebc-3207-4172-aa3b-34959b1b31db', 'Modrickhai Kaleb Faot', 'modrickhai.kaleb.faot@gmail.com', '$2b$10$Ck4sCViYhaIUVy0fJq9uYu0tglOe/r3Mr6U79YwjJTH8CZusIqNi2', 'STUDENT', 'ACTIVE', '2025-08-04 14:38:24.313', '2025-09-18 14:59:46.868', '2025-09-18 14:59:46.867');
INSERT INTO public."User" (id, nama, email, password, role, status, "createdAt", "updatedAt", "lastLoginAt") VALUES ('usr_f89a3707-8c69-4a9d-892a-ac3b2fe311cd', 'Imanuel Heryanto Bili Lalo', 'imanuel.heryanto.bili.lalo@gmail.com', '$2b$10$/iA.iD5ZwMeW0Pia7ykjFuvhpXUiIzvn7j4n.KPKYPJuAImB/K3Fy', 'STUDENT', 'ACTIVE', '2025-08-04 14:38:24.313', '2025-09-18 15:01:52.666', '2025-09-18 15:01:52.665');
INSERT INTO public."User" (id, nama, email, password, role, status, "createdAt", "updatedAt", "lastLoginAt") VALUES ('usr_4cf8bd04-3fe6-4b55-aabb-f5dec44db69f', 'TAUFIQ HIDAYAT', 'taufiq.hidayat@gmail.com', '$2b$10$dGU3UW07qME5ls4BgTZ5.O0/1c0gEavek1sMgr8qY3Yi1pDNLnvzG', 'STUDENT', 'ACTIVE', '2025-08-04 14:38:24.313', '2025-09-18 15:06:19.465', '2025-09-18 15:06:19.464');
INSERT INTO public."User" (id, nama, email, password, role, status, "createdAt", "updatedAt", "lastLoginAt") VALUES ('usr_2ab811b5-0c47-478f-ac86-9ae887a42049', 'Adrianus Panna', 'adrianus.panna@gmail.com', '$2b$10$P2xygAQS5itvpz9j0djkY.aZyhtj9FOadvfmrXE1PLRJZ1asGUrcO', 'STUDENT', 'ACTIVE', '2025-08-04 14:38:24.313', '2025-09-18 15:05:18.275', '2025-09-18 15:05:18.274');
INSERT INTO public."User" (id, nama, email, password, role, status, "createdAt", "updatedAt", "lastLoginAt") VALUES ('usr_ecbc1622-71bd-4134-9cc9-2e2bbb027377', 'ESTER MANDELA TUNBONAT', 'ester.mandela.tunbonat@gmail.com', '$2b$10$yiJDHjkhBNmJTZSIrB0Td.mGypmy19yvmVfk9YK85jZjj0xQiNKLG', 'STUDENT', 'ACTIVE', '2025-08-04 14:38:24.313', '2025-09-18 14:36:02.531', '2025-09-18 14:36:02.53');
INSERT INTO public."User" (id, nama, email, password, role, status, "createdAt", "updatedAt", "lastLoginAt") VALUES ('usr_8a587d66-5d21-429b-971d-5507e18b996a', 'Samsudin Ali', 'samsudin.ali@gmail.com', '$2b$10$sk4gA3ogu5NVkSQO3t8cQeRFghD.6q6aT3G.sJs1ap7VgIklI6cmC', 'STUDENT', 'ACTIVE', '2025-08-04 14:38:24.313', '2025-09-18 14:53:12.281', '2025-09-18 14:53:12.28');
INSERT INTO public."User" (id, nama, email, password, role, status, "createdAt", "updatedAt", "lastLoginAt") VALUES ('usr_ff53b7ad-1007-4032-88f0-33f5de52fb52', 'Jefri Sanda', 'jefri.sanda@gmail.com', '$2b$10$DbJ1WMawRDFxpCLGsbGWxutLrH1xvFwmZ/JttASiRfHwvtvhiwpXq', 'STUDENT', 'ACTIVE', '2025-08-04 14:38:24.313', '2025-09-18 15:02:36.965', '2025-09-18 15:02:36.964');
INSERT INTO public."User" (id, nama, email, password, role, status, "createdAt", "updatedAt", "lastLoginAt") VALUES ('usr_34ab3e38-0045-4f29-833b-d3535712387b', 'Andyatar Arsad Banfatin', 'andyatar.arsad.banfatin@gmail.com', '$2b$10$KZPAQbscGBvmwbekRQ67Re1QBYHbCWWxmTK8wwzsaM75Z7mhjPgiG', 'STUDENT', 'ACTIVE', '2025-08-04 14:38:24.313', '2025-09-18 14:50:25.782', '2025-09-18 14:50:25.782');
INSERT INTO public."User" (id, nama, email, password, role, status, "createdAt", "updatedAt", "lastLoginAt") VALUES ('usr_73b47ae0-6a0f-46af-94e7-f688e1f3e5fe', 'Muhamad Sultanudin Haans', 'muhamad.sultanudin.haans@gmail.com', '$2b$10$1Ezc1aYKEEiiSJv9TBmleOjwSy3xcj/mBNAo1E/zDAv1/Uby8T8wy', 'STUDENT', 'ACTIVE', '2025-08-04 14:38:24.313', '2025-09-18 15:00:46.44', '2025-09-18 15:00:46.439');
INSERT INTO public."User" (id, nama, email, password, role, status, "createdAt", "updatedAt", "lastLoginAt") VALUES ('usr_b913ca4c-6f33-4c21-8a3b-f4b7cbb03ed6', 'Ake Idim Badaruddin', 'ake.idim.badaruddin@gmail.com', '$2b$10$C2igqQ8aEFq2ArOUjxkcoe0CLnV1qqAD3KuGjvxBNQH84UPOyXaBG', 'STUDENT', 'ACTIVE', '2025-08-04 14:38:24.313', '2025-09-18 14:49:41.943', '2025-09-18 14:49:41.942');
INSERT INTO public."User" (id, nama, email, password, role, status, "createdAt", "updatedAt", "lastLoginAt") VALUES ('usr_6281209c-6c3a-4af0-8c13-1278960d99d2', 'EFRIANCI PANDIE', 'efrianci.pandie@gmail.com', '$2b$10$c.Z.GtDvjCIh8zgcdkfT8eyOMLwG3bBbsiJpC8IasCRivRPWUF9O2', 'STUDENT', 'ACTIVE', '2025-08-04 14:38:24.313', '2025-09-18 14:35:02.166', '2025-09-18 14:35:02.164');
INSERT INTO public."User" (id, nama, email, password, role, status, "createdAt", "updatedAt", "lastLoginAt") VALUES ('usr_49006506-d5ff-48d0-9ecf-42d52582fb1b', 'JUAN ALFREDO JEFRESON ASAMUI', 'juan.alfredo.jefreson.asamui@gmail.com', '$2b$10$1oVk00rcreARryJVOEyU8eLcLBudpWFw2vzhAY5pod4ume1Q1TlEu', 'STUDENT', 'ACTIVE', '2025-08-04 14:38:24.313', '2025-09-18 15:03:29.768', '2025-09-18 15:03:29.767');
INSERT INTO public."User" (id, nama, email, password, role, status, "createdAt", "updatedAt", "lastLoginAt") VALUES ('usr_6fe70bd0-b2df-4e15-ae7c-93f0c0748287', 'CHRISTIAN HILLI', 'christian.hilli@gmail.com', '$2b$10$4hqUeRUIRr2JWmAkIqTeHeSWVwPpxxV02dCv/iQ89tjOnoFN.tW0.', 'STUDENT', 'ACTIVE', '2025-08-04 14:38:24.313', '2025-09-18 14:59:37.954', '2025-09-18 14:59:37.953');
INSERT INTO public."User" (id, nama, email, password, role, status, "createdAt", "updatedAt", "lastLoginAt") VALUES ('usr_389001bc-532f-46b1-8608-9b4250f49a4a', 'Lodia Banamtuan', 'lodia.banamtuan@gmail.com', '$2b$10$qxKhobUFaGpdlzZollhqn.g6Nj1yAH4oxy6dWODreIrrJ9Y9evXMS', 'STUDENT', 'ACTIVE', '2025-08-04 14:38:24.313', '2025-09-18 15:05:58.254', '2025-09-18 15:05:58.253');
INSERT INTO public."User" (id, nama, email, password, role, status, "createdAt", "updatedAt", "lastLoginAt") VALUES ('usr_b72f5e76-a7fe-4474-afe7-52b754775cec', 'RIFQ ZIDANE UMAR', 'rifq.zidane.umar@gmail.com', '$2b$10$g7RdykutY7E5PGShxab/C.MyUyK04I8ozuwKu/.U2aCGNcPqxtyGa', 'STUDENT', 'ACTIVE', '2025-08-04 14:38:24.313', '2025-09-18 14:48:18.164', '2025-09-18 14:48:18.163');
INSERT INTO public."User" (id, nama, email, password, role, status, "createdAt", "updatedAt", "lastLoginAt") VALUES ('usr_b3974744-fdd1-489d-a11e-b6989b7ddc6a', 'Arki Juniard Narang', 'arki.juniard.narang@gmail.com', '$2b$10$8Cg7TU7DuUeUFS42FrxQ1eZXmW8QBbhATU4gNmtv175vXRqF1Ht4i', 'STUDENT', 'ACTIVE', '2025-08-04 14:38:24.313', '2025-09-18 14:57:58.608', '2025-09-18 14:57:58.607');
INSERT INTO public."User" (id, nama, email, password, role, status, "createdAt", "updatedAt", "lastLoginAt") VALUES ('usr_03038196-9c66-4bd5-a813-12e8c142fd38', 'Faisal Karim', 'faisal.karim@gmail.com', '$2b$10$PIVeaAnsR40bqppwblFUm.kSQuHtx2Ko2AUBqvzRYx1y1.vKjyvIG', 'STUDENT', 'ACTIVE', '2025-08-04 14:38:24.313', '2025-09-18 14:58:35.786', '2025-09-18 14:58:35.785');
INSERT INTO public."User" (id, nama, email, password, role, status, "createdAt", "updatedAt", "lastLoginAt") VALUES ('usr_0e17f545-6954-4863-9ae9-88feb7cc8e05', 'Abraham Petrus Bessi', 'abraham.petrus.bessi@gmail.com', '$2b$10$/i6gErsmqBtDNLJZXfkDOeXxKjqi2iud8woeFwEyAqcdra70MleJ.', 'STUDENT', 'ACTIVE', '2025-08-04 14:38:24.313', '2025-09-18 15:06:46.162', '2025-09-18 15:06:46.161');
INSERT INTO public."User" (id, nama, email, password, role, status, "createdAt", "updatedAt", "lastLoginAt") VALUES ('usr_c47df3d0-b1a5-44e8-9292-25727832a39a', 'Juang Edmon Faot', 'juang.edmon.faot@gmail.com', '$2b$10$.YKYAfYjn2DIkDjpAc.UXuiHA8TI7L81c0cSl3D/HM5kD/3wHkHsG', 'STUDENT', 'ACTIVE', '2025-08-04 14:38:24.313', '2025-09-18 15:04:25.192', '2025-09-18 15:04:25.191');
INSERT INTO public."User" (id, nama, email, password, role, status, "createdAt", "updatedAt", "lastLoginAt") VALUES ('usr_a386dbc6-bcc4-4e2f-bff6-d4102607e0ef', 'Linda Leka, S.E', 'linda@gmail.com', '$2b$10$fG88kDyuwzowUlUkYriwxeHDlyRSD/8Zi4HbeDybrMfUhJ2Wqwwt6', 'TUTOR', 'ACTIVE', '2025-08-04 06:03:10.591', '2025-09-18 14:11:01.207', '2025-09-18 14:11:01.205');
INSERT INTO public."User" (id, nama, email, password, role, status, "createdAt", "updatedAt", "lastLoginAt") VALUES ('usr_535e07d2-2492-4a89-b4c5-81995e2dd34c', 'Herfi Baung, S.Pd', 'herfi@gmail.com', '$2b$10$e8JYWb0mAFo0pv7c4PDIXOte6K/./kYNGKLfO9US/17luY3VK5ReO', 'TUTOR', 'ACTIVE', '2025-08-04 06:09:19.131', '2025-09-18 14:54:53.702', '2025-09-18 14:54:53.701');
INSERT INTO public."User" (id, nama, email, password, role, status, "createdAt", "updatedAt", "lastLoginAt") VALUES ('usr_09411bb0-4c64-4954-abb7-a3610392f719', 'Yerniaman Laia, S.Th', 'yerniaman@gmail.com', '$2b$10$di3pofjanUF0TRCwTTnJa.y4SWw1OOE.lssaUQTgDQ/3FigLDrTf6', 'TUTOR', 'ACTIVE', '2025-08-04 06:02:15.323', '2025-10-02 13:56:36.475', '2025-10-02 13:56:36.473');
INSERT INTO public."User" (id, nama, email, password, role, status, "createdAt", "updatedAt", "lastLoginAt") VALUES ('usr_49a328e5-f844-4aed-a0ef-9458dd386ed8', 'Salomi Leka, S.Pd, M.Pd', 'salomi@gmail.com', '$2b$10$YIA35QnqhyZoFEA9OWMKY.1meigBsmfJaLmhRLb6ezBCv9t3YajZW', 'TUTOR', 'ACTIVE', '2025-08-04 06:10:56.251', '2025-10-02 14:06:00.798', '2025-10-02 14:06:00.797');
INSERT INTO public."User" (id, nama, email, password, role, status, "createdAt", "updatedAt", "lastLoginAt") VALUES ('usr_3178faf3-0aee-4a35-adfc-5dd4a0e9ed6e', 'Fony Mella, S.Th', 'fony@gmail.com', '$2b$10$vuWZTjts3ipV.wla2Mxue.drSkvHMxBPVrUFr8UcOFz/9pUJQ3Dwa', 'TUTOR', 'ACTIVE', '2025-08-04 06:12:02.953', '2025-09-11 03:49:43.815', '2025-09-11 03:49:43.806');
INSERT INTO public."User" (id, nama, email, password, role, status, "createdAt", "updatedAt", "lastLoginAt") VALUES ('usr_49f32a98-f0c1-41c1-b82b-2ee11bb7b83e', 'Yantonius Henuk, S.Th, M.Div', 'yantonius@gmail.com', '$2b$10$E4xYjnhPq0ohojduZXIJyusF.JB0cY9QEwbEx6FmfT.m8Q06A9up.', 'TUTOR', 'ACTIVE', '2025-07-29 02:23:24.12', '2025-09-11 03:52:09.739', '2025-09-11 03:52:09.738');
INSERT INTO public."User" (id, nama, email, password, role, status, "createdAt", "updatedAt", "lastLoginAt") VALUES ('usr_d4ad09d2-d62d-401b-97b8-2c7b64299080', 'Erna Adu, S.Pd', 'erna@gmail.com', '$2b$10$1y.eZYzHifAvyPj0qiMLlO/Sjd8SsC.ChrKO8ILl.tfst2RdJ53s.', 'TUTOR', 'ACTIVE', '2025-08-04 06:11:28.273', '2025-10-26 12:17:54.678', '2025-10-26 12:17:54.677');
INSERT INTO public."User" (id, nama, email, password, role, status, "createdAt", "updatedAt", "lastLoginAt") VALUES ('usr_d3eb1793-c48b-42cf-a491-51c72c7947d1', 'Putri Henuk', 'admin@gmail.com', '$2b$10$QZ7dk8Bv6cwpUfZQj.Zz7eabuxgOglrxETTx/RfqgW4raiVDwkFGa', 'ADMIN', 'ACTIVE', '2025-04-03 06:05:57.446', '2025-10-26 12:22:22.969', '2025-10-26 12:22:22.968');


--
-- Data for Name: _RoomUsers; Type: TABLE DATA; Schema: public; Owner: neondb_owner
--

INSERT INTO public."_RoomUsers" ("A", "B") VALUES ('crm_8986978b-1cd7-47aa-a5a7-e7edb66a3bf5', 'usr_d3eb1793-c48b-42cf-a491-51c72c7947d1');
INSERT INTO public."_RoomUsers" ("A", "B") VALUES ('crm_98c4ed9e-0d20-46e2-b6c9-7a1d47c13add', 'usr_d3eb1793-c48b-42cf-a491-51c72c7947d1');
INSERT INTO public."_RoomUsers" ("A", "B") VALUES ('crm_3158fbcc-e97e-4500-b62a-da4cb95ee612', 'usr_49f32a98-f0c1-41c1-b82b-2ee11bb7b83e');
INSERT INTO public."_RoomUsers" ("A", "B") VALUES ('crm_01572d76-d092-4ab6-a010-840c00e091fc', 'usr_d3eb1793-c48b-42cf-a491-51c72c7947d1');
INSERT INTO public."_RoomUsers" ("A", "B") VALUES ('crm_01572d76-d092-4ab6-a010-840c00e091fc', 'usr_49f32a98-f0c1-41c1-b82b-2ee11bb7b83e');


--
-- Data for Name: _prisma_migrations; Type: TABLE DATA; Schema: public; Owner: neondb_owner
--

INSERT INTO public._prisma_migrations (id, checksum, finished_at, migration_name, logs, rolled_back_at, started_at, applied_steps_count) VALUES ('54471693-24cf-4667-bcf8-5690ea788b4c', '491551a2521f9b9fe937581a8b4c55703e20d648a058c11e3fd8cd8fc22c7086', '2025-07-19 07:57:02.961793+07', '20250331131201_adding_createdat_andupdateat', NULL, NULL, '2025-07-19 07:57:02.731955+07', 1);
INSERT INTO public._prisma_migrations (id, checksum, finished_at, migration_name, logs, rolled_back_at, started_at, applied_steps_count) VALUES ('2acf7946-f5d5-49b3-bcd1-b569d584a375', 'bb7224396a960e5b2ea19fcdde5ca2f3fa86c4a3bf8dd67776d13c6a77cfa062', '2025-07-19 07:57:04.990509+07', '20250504012451_pusinganjing', NULL, NULL, '2025-07-19 07:57:04.884741+07', 1);
INSERT INTO public._prisma_migrations (id, checksum, finished_at, migration_name, logs, rolled_back_at, started_at, applied_steps_count) VALUES ('76ec30c8-c534-42c5-85ab-e741af01fc36', 'e0bfaaf5413762f8a628271996ccd25ae9c9f812c0c0c9f2b75a50025faf65be', '2025-07-19 07:57:03.106064+07', '20250331135201_iforgetaddcreateatandupdatat', NULL, NULL, '2025-07-19 07:57:03.006483+07', 1);
INSERT INTO public._prisma_migrations (id, checksum, finished_at, migration_name, logs, rolled_back_at, started_at, applied_steps_count) VALUES ('85a07516-bbf5-4fb0-b2ff-19986a91570a', 'ac326db44f93923312339af66b164781646a0e3aa904e5a710fe5ea9d6ea9ce3', '2025-07-19 07:57:03.262668+07', '20250401121257_adding', NULL, NULL, '2025-07-19 07:57:03.160237+07', 1);
INSERT INTO public._prisma_migrations (id, checksum, finished_at, migration_name, logs, rolled_back_at, started_at, applied_steps_count) VALUES ('7ce73955-b40a-4bfc-a0d9-f56179a5a734', 'b6b19ccd1a2d803ecff91c6d8c843d6a997a9bc6bb7cb5fa5274395846973f25', '2025-07-19 07:57:03.414626+07', '20250401162946_jklhgjhgl', NULL, NULL, '2025-07-19 07:57:03.307587+07', 1);
INSERT INTO public._prisma_migrations (id, checksum, finished_at, migration_name, logs, rolled_back_at, started_at, applied_steps_count) VALUES ('80f7c7e5-dd13-43ed-a124-8112d878884f', '9cf267b2098bf8aff0d11fa9f77ce48e92ca40ea51de541d71bdf137bc6be5c6', '2025-07-19 07:57:05.148269+07', '20250504050353_adding_newentity_notification', NULL, NULL, '2025-07-19 07:57:05.03736+07', 1);
INSERT INTO public._prisma_migrations (id, checksum, finished_at, migration_name, logs, rolled_back_at, started_at, applied_steps_count) VALUES ('cd00e9da-3279-4116-a380-057c2b6c46be', '19bb8eedf8249ad930ea84185e413e8182f736a790ce3464b5c18227b0fc5d6b', '2025-07-19 07:57:03.580472+07', '20250403030402_addingroomchat', NULL, NULL, '2025-07-19 07:57:03.462613+07', 1);
INSERT INTO public._prisma_migrations (id, checksum, finished_at, migration_name, logs, rolled_back_at, started_at, applied_steps_count) VALUES ('41bc8dbf-fef5-4d19-906f-dd1a28b2450d', '24c1709a13d3bbd301349a83bf0444c2804513a49bd3f5064aa34304fd16b905', '2025-07-19 07:57:03.737749+07', '20250404015552_adding_newfieldnamedhistory', NULL, NULL, '2025-07-19 07:57:03.626699+07', 1);
INSERT INTO public._prisma_migrations (id, checksum, finished_at, migration_name, logs, rolled_back_at, started_at, applied_steps_count) VALUES ('8bf76383-5fd3-45ad-aa3f-778261ee5333', '929bbb790c4dff7a5f549f14c975372817a0a7ad2e84dc91eef669f6b5aac8eb', '2025-07-19 07:57:03.891495+07', '20250421080112_addlog', NULL, NULL, '2025-07-19 07:57:03.78718+07', 1);
INSERT INTO public._prisma_migrations (id, checksum, finished_at, migration_name, logs, rolled_back_at, started_at, applied_steps_count) VALUES ('86992d64-001d-40f1-8a7f-8f2095cc6688', 'e34739854549afec570863b512d2f57cea74e172efc56bb40ae08cbfda57a737', '2025-07-19 07:57:05.326924+07', '20250504070449_add_new_field_here', NULL, NULL, '2025-07-19 07:57:05.198572+07', 1);
INSERT INTO public._prisma_migrations (id, checksum, finished_at, migration_name, logs, rolled_back_at, started_at, applied_steps_count) VALUES ('14693d57-e0de-4e2c-a7ee-c0613eeb64b2', '42067fd207bf669dc0d6541b926f876eeb4e3b1ed1d3e5241e62780986d518a9', '2025-07-19 07:57:04.037005+07', '20250426003024_adding_newtpyeforexams', NULL, NULL, '2025-07-19 07:57:03.936543+07', 1);
INSERT INTO public._prisma_migrations (id, checksum, finished_at, migration_name, logs, rolled_back_at, started_at, applied_steps_count) VALUES ('907f25a5-0aa7-42e8-9978-c00922026614', 'bc90b42e96ef7a8d286940c939f4ee3b3f5a6a57faf425e2d75b6f2ea5703f97', '2025-07-19 07:57:04.217517+07', '20250426023731_latest_dbnow_addingattend', NULL, NULL, '2025-07-19 07:57:04.091139+07', 1);
INSERT INTO public._prisma_migrations (id, checksum, finished_at, migration_name, logs, rolled_back_at, started_at, applied_steps_count) VALUES ('743fd7e4-65f9-4f26-9f0a-fe87b511b3f6', '22bf75a285227f381bd23c3fcc2e08cfc03d50d2419cef05bcb51d9c8c4b1da9', '2025-07-19 07:57:04.363356+07', '20250426112914_addlts', NULL, NULL, '2025-07-19 07:57:04.264202+07', 1);
INSERT INTO public._prisma_migrations (id, checksum, finished_at, migration_name, logs, rolled_back_at, started_at, applied_steps_count) VALUES ('1725c417-bd5c-41d3-89d1-be5fc58364d5', 'ecf4b8c72b6a62c3689d6757155c820009e56be000e67f793d3d98f71c36a003', '2025-07-19 07:57:05.47232+07', '20250504104612_adding_new_fieldforchatting', NULL, NULL, '2025-07-19 07:57:05.372376+07', 1);
INSERT INTO public._prisma_migrations (id, checksum, finished_at, migration_name, logs, rolled_back_at, started_at, applied_steps_count) VALUES ('2f671287-7f0f-4684-b2d2-1951ac8a8a7e', 'e75307362d78e47283133fa70cd5730de2d87d5ab4dba151fa9c6dcc7438d50f', '2025-07-19 07:57:04.540599+07', '20250501033007_lts', NULL, NULL, '2025-07-19 07:57:04.416102+07', 1);
INSERT INTO public._prisma_migrations (id, checksum, finished_at, migration_name, logs, rolled_back_at, started_at, applied_steps_count) VALUES ('88d5e442-ffb3-4681-b759-f5053ab5654b', 'f2b1f088a5d6ea61978be87df54227dea351e0cd6d7f86d4fb143579b41467d9', '2025-07-19 07:57:04.68631+07', '20250502084100_add_new_fieldonpromotestudent', NULL, NULL, '2025-07-19 07:57:04.586562+07', 1);
INSERT INTO public._prisma_migrations (id, checksum, finished_at, migration_name, logs, rolled_back_at, started_at, applied_steps_count) VALUES ('6eb813de-019a-4d85-b3a9-6ea31d72e2b6', '835ad5f945aaabce7c1170e2e65d15ab7b9c5ee4a6320d5088ace3e7024d7729', '2025-07-19 07:57:04.836386+07', '20250504012340_ancordeh', NULL, NULL, '2025-07-19 07:57:04.731253+07', 1);
INSERT INTO public._prisma_migrations (id, checksum, finished_at, migration_name, logs, rolled_back_at, started_at, applied_steps_count) VALUES ('de3975cc-e997-4e40-afd5-be7fdd802c86', '18b17435fab4898c4d31c3abd2a9fc95dbb028b253d94e9fac1f89ebbaa2d4ff', '2025-07-19 07:57:05.618847+07', '20250504150817_add_class_subject_tutor_to_chatroom', NULL, NULL, '2025-07-19 07:57:05.518512+07', 1);


--
-- Name: AcademicYear AcademicYear_pkey; Type: CONSTRAINT; Schema: public; Owner: neondb_owner
--

ALTER TABLE ONLY public."AcademicYear"
    ADD CONSTRAINT "AcademicYear_pkey" PRIMARY KEY (id);


--
-- Name: AnswerOption AnswerOption_pkey; Type: CONSTRAINT; Schema: public; Owner: neondb_owner
--

ALTER TABLE ONLY public."AnswerOption"
    ADD CONSTRAINT "AnswerOption_pkey" PRIMARY KEY (id);


--
-- Name: Answer Answer_pkey; Type: CONSTRAINT; Schema: public; Owner: neondb_owner
--

ALTER TABLE ONLY public."Answer"
    ADD CONSTRAINT "Answer_pkey" PRIMARY KEY (id);


--
-- Name: Assignment Assignment_pkey; Type: CONSTRAINT; Schema: public; Owner: neondb_owner
--

ALTER TABLE ONLY public."Assignment"
    ADD CONSTRAINT "Assignment_pkey" PRIMARY KEY (id);


--
-- Name: AttendanceSession AttendanceSession_pkey; Type: CONSTRAINT; Schema: public; Owner: neondb_owner
--

ALTER TABLE ONLY public."AttendanceSession"
    ADD CONSTRAINT "AttendanceSession_pkey" PRIMARY KEY (id);


--
-- Name: Attendance Attendance_pkey; Type: CONSTRAINT; Schema: public; Owner: neondb_owner
--

ALTER TABLE ONLY public."Attendance"
    ADD CONSTRAINT "Attendance_pkey" PRIMARY KEY (id);


--
-- Name: BehaviorScore BehaviorScore_pkey; Type: CONSTRAINT; Schema: public; Owner: neondb_owner
--

ALTER TABLE ONLY public."BehaviorScore"
    ADD CONSTRAINT "BehaviorScore_pkey" PRIMARY KEY (id);


--
-- Name: ChatMessage ChatMessage_pkey; Type: CONSTRAINT; Schema: public; Owner: neondb_owner
--

ALTER TABLE ONLY public."ChatMessage"
    ADD CONSTRAINT "ChatMessage_pkey" PRIMARY KEY (id);


--
-- Name: ChatRoom ChatRoom_pkey; Type: CONSTRAINT; Schema: public; Owner: neondb_owner
--

ALTER TABLE ONLY public."ChatRoom"
    ADD CONSTRAINT "ChatRoom_pkey" PRIMARY KEY (id);


--
-- Name: ClassSubjectTutor ClassSubjectTutor_pkey; Type: CONSTRAINT; Schema: public; Owner: neondb_owner
--

ALTER TABLE ONLY public."ClassSubjectTutor"
    ADD CONSTRAINT "ClassSubjectTutor_pkey" PRIMARY KEY (id);


--
-- Name: Class Class_pkey; Type: CONSTRAINT; Schema: public; Owner: neondb_owner
--

ALTER TABLE ONLY public."Class"
    ADD CONSTRAINT "Class_pkey" PRIMARY KEY (id);


--
-- Name: DiscussionMessage DiscussionMessage_pkey; Type: CONSTRAINT; Schema: public; Owner: neondb_owner
--

ALTER TABLE ONLY public."DiscussionMessage"
    ADD CONSTRAINT "DiscussionMessage_pkey" PRIMARY KEY (id);


--
-- Name: DiscussionRoom DiscussionRoom_pkey; Type: CONSTRAINT; Schema: public; Owner: neondb_owner
--

ALTER TABLE ONLY public."DiscussionRoom"
    ADD CONSTRAINT "DiscussionRoom_pkey" PRIMARY KEY (id);


--
-- Name: FinalScore FinalScore_pkey; Type: CONSTRAINT; Schema: public; Owner: neondb_owner
--

ALTER TABLE ONLY public."FinalScore"
    ADD CONSTRAINT "FinalScore_pkey" PRIMARY KEY (id);


--
-- Name: HolidayRange HolidayRange_pkey; Type: CONSTRAINT; Schema: public; Owner: neondb_owner
--

ALTER TABLE ONLY public."HolidayRange"
    ADD CONSTRAINT "HolidayRange_pkey" PRIMARY KEY (id);


--
-- Name: Holiday Holiday_pkey; Type: CONSTRAINT; Schema: public; Owner: neondb_owner
--

ALTER TABLE ONLY public."Holiday"
    ADD CONSTRAINT "Holiday_pkey" PRIMARY KEY (id);


--
-- Name: LearningMaterial LearningMaterial_pkey; Type: CONSTRAINT; Schema: public; Owner: neondb_owner
--

ALTER TABLE ONLY public."LearningMaterial"
    ADD CONSTRAINT "LearningMaterial_pkey" PRIMARY KEY (id);


--
-- Name: Log Log_pkey; Type: CONSTRAINT; Schema: public; Owner: neondb_owner
--

ALTER TABLE ONLY public."Log"
    ADD CONSTRAINT "Log_pkey" PRIMARY KEY (id);


--
-- Name: Notification Notification_pkey; Type: CONSTRAINT; Schema: public; Owner: neondb_owner
--

ALTER TABLE ONLY public."Notification"
    ADD CONSTRAINT "Notification_pkey" PRIMARY KEY (id);


--
-- Name: ProgramSubject ProgramSubject_pkey; Type: CONSTRAINT; Schema: public; Owner: neondb_owner
--

ALTER TABLE ONLY public."ProgramSubject"
    ADD CONSTRAINT "ProgramSubject_pkey" PRIMARY KEY (id);


--
-- Name: Program Program_pkey; Type: CONSTRAINT; Schema: public; Owner: neondb_owner
--

ALTER TABLE ONLY public."Program"
    ADD CONSTRAINT "Program_pkey" PRIMARY KEY (id);


--
-- Name: Question Question_pkey; Type: CONSTRAINT; Schema: public; Owner: neondb_owner
--

ALTER TABLE ONLY public."Question"
    ADD CONSTRAINT "Question_pkey" PRIMARY KEY (id);


--
-- Name: Quiz Quiz_pkey; Type: CONSTRAINT; Schema: public; Owner: neondb_owner
--

ALTER TABLE ONLY public."Quiz"
    ADD CONSTRAINT "Quiz_pkey" PRIMARY KEY (id);


--
-- Name: SkillScore SkillScore_pkey; Type: CONSTRAINT; Schema: public; Owner: neondb_owner
--

ALTER TABLE ONLY public."SkillScore"
    ADD CONSTRAINT "SkillScore_pkey" PRIMARY KEY (id);


--
-- Name: StudentClassHistory StudentClassHistory_pkey; Type: CONSTRAINT; Schema: public; Owner: neondb_owner
--

ALTER TABLE ONLY public."StudentClassHistory"
    ADD CONSTRAINT "StudentClassHistory_pkey" PRIMARY KEY (id);


--
-- Name: Student Student_pkey; Type: CONSTRAINT; Schema: public; Owner: neondb_owner
--

ALTER TABLE ONLY public."Student"
    ADD CONSTRAINT "Student_pkey" PRIMARY KEY (id);


--
-- Name: Subject Subject_pkey; Type: CONSTRAINT; Schema: public; Owner: neondb_owner
--

ALTER TABLE ONLY public."Subject"
    ADD CONSTRAINT "Subject_pkey" PRIMARY KEY (id);


--
-- Name: Submission Submission_pkey; Type: CONSTRAINT; Schema: public; Owner: neondb_owner
--

ALTER TABLE ONLY public."Submission"
    ADD CONSTRAINT "Submission_pkey" PRIMARY KEY (id);


--
-- Name: Tutor Tutor_pkey; Type: CONSTRAINT; Schema: public; Owner: neondb_owner
--

ALTER TABLE ONLY public."Tutor"
    ADD CONSTRAINT "Tutor_pkey" PRIMARY KEY (id);


--
-- Name: User User_pkey; Type: CONSTRAINT; Schema: public; Owner: neondb_owner
--

ALTER TABLE ONLY public."User"
    ADD CONSTRAINT "User_pkey" PRIMARY KEY (id);


--
-- Name: _RoomUsers _RoomUsers_AB_pkey; Type: CONSTRAINT; Schema: public; Owner: neondb_owner
--

ALTER TABLE ONLY public."_RoomUsers"
    ADD CONSTRAINT "_RoomUsers_AB_pkey" PRIMARY KEY ("A", "B");


--
-- Name: _prisma_migrations _prisma_migrations_pkey; Type: CONSTRAINT; Schema: public; Owner: neondb_owner
--

ALTER TABLE ONLY public._prisma_migrations
    ADD CONSTRAINT _prisma_migrations_pkey PRIMARY KEY (id);


--
-- Name: AcademicYear_tahunMulai_tahunSelesai_semester_key; Type: INDEX; Schema: public; Owner: neondb_owner
--

CREATE UNIQUE INDEX "AcademicYear_tahunMulai_tahunSelesai_semester_key" ON public."AcademicYear" USING btree ("tahunMulai", "tahunSelesai", semester);


--
-- Name: AttendanceSession_academicYearId_idx; Type: INDEX; Schema: public; Owner: neondb_owner
--

CREATE INDEX "AttendanceSession_academicYearId_idx" ON public."AttendanceSession" USING btree ("academicYearId");


--
-- Name: AttendanceSession_subjectId_idx; Type: INDEX; Schema: public; Owner: neondb_owner
--

CREATE INDEX "AttendanceSession_subjectId_idx" ON public."AttendanceSession" USING btree ("subjectId");


--
-- Name: Attendance_classId_idx; Type: INDEX; Schema: public; Owner: neondb_owner
--

CREATE INDEX "Attendance_classId_idx" ON public."Attendance" USING btree ("classId");


--
-- Name: Attendance_studentId_idx; Type: INDEX; Schema: public; Owner: neondb_owner
--

CREATE INDEX "Attendance_studentId_idx" ON public."Attendance" USING btree ("studentId");


--
-- Name: BehaviorScore_studentId_classId_academicYearId_key; Type: INDEX; Schema: public; Owner: neondb_owner
--

CREATE UNIQUE INDEX "BehaviorScore_studentId_classId_academicYearId_key" ON public."BehaviorScore" USING btree ("studentId", "classId", "academicYearId");


--
-- Name: ClassSubjectTutor_tutorId_classId_subjectId_key; Type: INDEX; Schema: public; Owner: neondb_owner
--

CREATE UNIQUE INDEX "ClassSubjectTutor_tutorId_classId_subjectId_key" ON public."ClassSubjectTutor" USING btree ("tutorId", "classId", "subjectId");


--
-- Name: Class_namaKelas_programId_academicYearId_key; Type: INDEX; Schema: public; Owner: neondb_owner
--

CREATE UNIQUE INDEX "Class_namaKelas_programId_academicYearId_key" ON public."Class" USING btree ("namaKelas", "programId", "academicYearId");


--
-- Name: DiscussionMessage_roomId_idx; Type: INDEX; Schema: public; Owner: neondb_owner
--

CREATE INDEX "DiscussionMessage_roomId_idx" ON public."DiscussionMessage" USING btree ("roomId");


--
-- Name: DiscussionMessage_senderId_idx; Type: INDEX; Schema: public; Owner: neondb_owner
--

CREATE INDEX "DiscussionMessage_senderId_idx" ON public."DiscussionMessage" USING btree ("senderId");


--
-- Name: DiscussionRoom_classSubjectTutorId_idx; Type: INDEX; Schema: public; Owner: neondb_owner
--

CREATE INDEX "DiscussionRoom_classSubjectTutorId_idx" ON public."DiscussionRoom" USING btree ("classSubjectTutorId");


--
-- Name: FinalScore_studentId_subjectId_tahunAjaranId_key; Type: INDEX; Schema: public; Owner: neondb_owner
--

CREATE UNIQUE INDEX "FinalScore_studentId_subjectId_tahunAjaranId_key" ON public."FinalScore" USING btree ("studentId", "subjectId", "tahunAjaranId");


--
-- Name: HolidayRange_startDate_endDate_idx; Type: INDEX; Schema: public; Owner: neondb_owner
--

CREATE INDEX "HolidayRange_startDate_endDate_idx" ON public."HolidayRange" USING btree ("startDate", "endDate");


--
-- Name: Holiday_tanggal_key; Type: INDEX; Schema: public; Owner: neondb_owner
--

CREATE UNIQUE INDEX "Holiday_tanggal_key" ON public."Holiday" USING btree (tanggal);


--
-- Name: ProgramSubject_programId_subjectId_key; Type: INDEX; Schema: public; Owner: neondb_owner
--

CREATE UNIQUE INDEX "ProgramSubject_programId_subjectId_key" ON public."ProgramSubject" USING btree ("programId", "subjectId");


--
-- Name: Program_namaPaket_key; Type: INDEX; Schema: public; Owner: neondb_owner
--

CREATE UNIQUE INDEX "Program_namaPaket_key" ON public."Program" USING btree ("namaPaket");


--
-- Name: SkillScore_studentId_subjectId_key; Type: INDEX; Schema: public; Owner: neondb_owner
--

CREATE UNIQUE INDEX "SkillScore_studentId_subjectId_key" ON public."SkillScore" USING btree ("studentId", "subjectId");


--
-- Name: Student_classId_idx; Type: INDEX; Schema: public; Owner: neondb_owner
--

CREATE INDEX "Student_classId_idx" ON public."Student" USING btree ("classId");


--
-- Name: Student_nisn_idx; Type: INDEX; Schema: public; Owner: neondb_owner
--

CREATE INDEX "Student_nisn_idx" ON public."Student" USING btree (nisn);


--
-- Name: Student_nisn_key; Type: INDEX; Schema: public; Owner: neondb_owner
--

CREATE UNIQUE INDEX "Student_nisn_key" ON public."Student" USING btree (nisn);


--
-- Name: Student_userId_key; Type: INDEX; Schema: public; Owner: neondb_owner
--

CREATE UNIQUE INDEX "Student_userId_key" ON public."Student" USING btree ("userId");


--
-- Name: Subject_kodeMapel_idx; Type: INDEX; Schema: public; Owner: neondb_owner
--

CREATE INDEX "Subject_kodeMapel_idx" ON public."Subject" USING btree ("kodeMapel");


--
-- Name: Subject_namaMapel_key; Type: INDEX; Schema: public; Owner: neondb_owner
--

CREATE UNIQUE INDEX "Subject_namaMapel_key" ON public."Subject" USING btree ("namaMapel");


--
-- Name: Tutor_telepon_idx; Type: INDEX; Schema: public; Owner: neondb_owner
--

CREATE INDEX "Tutor_telepon_idx" ON public."Tutor" USING btree (telepon);


--
-- Name: Tutor_userId_key; Type: INDEX; Schema: public; Owner: neondb_owner
--

CREATE UNIQUE INDEX "Tutor_userId_key" ON public."Tutor" USING btree ("userId");


--
-- Name: User_email_idx; Type: INDEX; Schema: public; Owner: neondb_owner
--

CREATE INDEX "User_email_idx" ON public."User" USING btree (email);


--
-- Name: User_email_key; Type: INDEX; Schema: public; Owner: neondb_owner
--

CREATE UNIQUE INDEX "User_email_key" ON public."User" USING btree (email);


--
-- Name: User_role_idx; Type: INDEX; Schema: public; Owner: neondb_owner
--

CREATE INDEX "User_role_idx" ON public."User" USING btree (role);


--
-- Name: User_status_idx; Type: INDEX; Schema: public; Owner: neondb_owner
--

CREATE INDEX "User_status_idx" ON public."User" USING btree (status);


--
-- Name: _RoomUsers_B_index; Type: INDEX; Schema: public; Owner: neondb_owner
--

CREATE INDEX "_RoomUsers_B_index" ON public."_RoomUsers" USING btree ("B");


--
-- Name: AnswerOption AnswerOption_questionId_fkey; Type: FK CONSTRAINT; Schema: public; Owner: neondb_owner
--

ALTER TABLE ONLY public."AnswerOption"
    ADD CONSTRAINT "AnswerOption_questionId_fkey" FOREIGN KEY ("questionId") REFERENCES public."Question"(id) ON UPDATE CASCADE ON DELETE RESTRICT;


--
-- Name: Answer Answer_questionId_fkey; Type: FK CONSTRAINT; Schema: public; Owner: neondb_owner
--

ALTER TABLE ONLY public."Answer"
    ADD CONSTRAINT "Answer_questionId_fkey" FOREIGN KEY ("questionId") REFERENCES public."Question"(id) ON UPDATE CASCADE ON DELETE RESTRICT;


--
-- Name: Answer Answer_submissionId_fkey; Type: FK CONSTRAINT; Schema: public; Owner: neondb_owner
--

ALTER TABLE ONLY public."Answer"
    ADD CONSTRAINT "Answer_submissionId_fkey" FOREIGN KEY ("submissionId") REFERENCES public."Submission"(id) ON UPDATE CASCADE ON DELETE RESTRICT;


--
-- Name: Assignment Assignment_classSubjectTutorId_fkey; Type: FK CONSTRAINT; Schema: public; Owner: neondb_owner
--

ALTER TABLE ONLY public."Assignment"
    ADD CONSTRAINT "Assignment_classSubjectTutorId_fkey" FOREIGN KEY ("classSubjectTutorId") REFERENCES public."ClassSubjectTutor"(id) ON UPDATE CASCADE ON DELETE RESTRICT;


--
-- Name: AttendanceSession AttendanceSession_academicYearId_fkey; Type: FK CONSTRAINT; Schema: public; Owner: neondb_owner
--

ALTER TABLE ONLY public."AttendanceSession"
    ADD CONSTRAINT "AttendanceSession_academicYearId_fkey" FOREIGN KEY ("academicYearId") REFERENCES public."AcademicYear"(id) ON UPDATE CASCADE ON DELETE RESTRICT;


--
-- Name: AttendanceSession AttendanceSession_classId_fkey; Type: FK CONSTRAINT; Schema: public; Owner: neondb_owner
--

ALTER TABLE ONLY public."AttendanceSession"
    ADD CONSTRAINT "AttendanceSession_classId_fkey" FOREIGN KEY ("classId") REFERENCES public."Class"(id) ON UPDATE CASCADE ON DELETE RESTRICT;


--
-- Name: AttendanceSession AttendanceSession_subjectId_fkey; Type: FK CONSTRAINT; Schema: public; Owner: neondb_owner
--

ALTER TABLE ONLY public."AttendanceSession"
    ADD CONSTRAINT "AttendanceSession_subjectId_fkey" FOREIGN KEY ("subjectId") REFERENCES public."Subject"(id) ON UPDATE CASCADE ON DELETE SET NULL;


--
-- Name: AttendanceSession AttendanceSession_tutorId_fkey; Type: FK CONSTRAINT; Schema: public; Owner: neondb_owner
--

ALTER TABLE ONLY public."AttendanceSession"
    ADD CONSTRAINT "AttendanceSession_tutorId_fkey" FOREIGN KEY ("tutorId") REFERENCES public."Tutor"(id) ON UPDATE CASCADE ON DELETE RESTRICT;


--
-- Name: Attendance Attendance_academicYearId_fkey; Type: FK CONSTRAINT; Schema: public; Owner: neondb_owner
--

ALTER TABLE ONLY public."Attendance"
    ADD CONSTRAINT "Attendance_academicYearId_fkey" FOREIGN KEY ("academicYearId") REFERENCES public."AcademicYear"(id) ON UPDATE CASCADE ON DELETE RESTRICT;


--
-- Name: Attendance Attendance_attendanceSessionId_fkey; Type: FK CONSTRAINT; Schema: public; Owner: neondb_owner
--

ALTER TABLE ONLY public."Attendance"
    ADD CONSTRAINT "Attendance_attendanceSessionId_fkey" FOREIGN KEY ("attendanceSessionId") REFERENCES public."AttendanceSession"(id) ON UPDATE CASCADE ON DELETE SET NULL;


--
-- Name: Attendance Attendance_classId_fkey; Type: FK CONSTRAINT; Schema: public; Owner: neondb_owner
--

ALTER TABLE ONLY public."Attendance"
    ADD CONSTRAINT "Attendance_classId_fkey" FOREIGN KEY ("classId") REFERENCES public."Class"(id) ON UPDATE CASCADE ON DELETE RESTRICT;


--
-- Name: Attendance Attendance_studentId_fkey; Type: FK CONSTRAINT; Schema: public; Owner: neondb_owner
--

ALTER TABLE ONLY public."Attendance"
    ADD CONSTRAINT "Attendance_studentId_fkey" FOREIGN KEY ("studentId") REFERENCES public."Student"(id) ON UPDATE CASCADE ON DELETE RESTRICT;


--
-- Name: BehaviorScore BehaviorScore_academicYearId_fkey; Type: FK CONSTRAINT; Schema: public; Owner: neondb_owner
--

ALTER TABLE ONLY public."BehaviorScore"
    ADD CONSTRAINT "BehaviorScore_academicYearId_fkey" FOREIGN KEY ("academicYearId") REFERENCES public."AcademicYear"(id) ON UPDATE CASCADE ON DELETE RESTRICT;


--
-- Name: BehaviorScore BehaviorScore_classId_fkey; Type: FK CONSTRAINT; Schema: public; Owner: neondb_owner
--

ALTER TABLE ONLY public."BehaviorScore"
    ADD CONSTRAINT "BehaviorScore_classId_fkey" FOREIGN KEY ("classId") REFERENCES public."Class"(id) ON UPDATE CASCADE ON DELETE RESTRICT;


--
-- Name: BehaviorScore BehaviorScore_studentId_fkey; Type: FK CONSTRAINT; Schema: public; Owner: neondb_owner
--

ALTER TABLE ONLY public."BehaviorScore"
    ADD CONSTRAINT "BehaviorScore_studentId_fkey" FOREIGN KEY ("studentId") REFERENCES public."Student"(id) ON UPDATE CASCADE ON DELETE RESTRICT;


--
-- Name: ChatMessage ChatMessage_roomId_fkey; Type: FK CONSTRAINT; Schema: public; Owner: neondb_owner
--

ALTER TABLE ONLY public."ChatMessage"
    ADD CONSTRAINT "ChatMessage_roomId_fkey" FOREIGN KEY ("roomId") REFERENCES public."ChatRoom"(id) ON UPDATE CASCADE ON DELETE RESTRICT;


--
-- Name: ChatMessage ChatMessage_senderId_fkey; Type: FK CONSTRAINT; Schema: public; Owner: neondb_owner
--

ALTER TABLE ONLY public."ChatMessage"
    ADD CONSTRAINT "ChatMessage_senderId_fkey" FOREIGN KEY ("senderId") REFERENCES public."User"(id) ON UPDATE CASCADE ON DELETE RESTRICT;


--
-- Name: ChatRoom ChatRoom_classSubjectTutorId_fkey; Type: FK CONSTRAINT; Schema: public; Owner: neondb_owner
--

ALTER TABLE ONLY public."ChatRoom"
    ADD CONSTRAINT "ChatRoom_classSubjectTutorId_fkey" FOREIGN KEY ("classSubjectTutorId") REFERENCES public."ClassSubjectTutor"(id) ON UPDATE CASCADE ON DELETE SET NULL;


--
-- Name: ChatRoom ChatRoom_createdById_fkey; Type: FK CONSTRAINT; Schema: public; Owner: neondb_owner
--

ALTER TABLE ONLY public."ChatRoom"
    ADD CONSTRAINT "ChatRoom_createdById_fkey" FOREIGN KEY ("createdById") REFERENCES public."User"(id) ON UPDATE CASCADE ON DELETE SET NULL;


--
-- Name: ClassSubjectTutor ClassSubjectTutor_classId_fkey; Type: FK CONSTRAINT; Schema: public; Owner: neondb_owner
--

ALTER TABLE ONLY public."ClassSubjectTutor"
    ADD CONSTRAINT "ClassSubjectTutor_classId_fkey" FOREIGN KEY ("classId") REFERENCES public."Class"(id) ON UPDATE CASCADE ON DELETE RESTRICT;


--
-- Name: ClassSubjectTutor ClassSubjectTutor_subjectId_fkey; Type: FK CONSTRAINT; Schema: public; Owner: neondb_owner
--

ALTER TABLE ONLY public."ClassSubjectTutor"
    ADD CONSTRAINT "ClassSubjectTutor_subjectId_fkey" FOREIGN KEY ("subjectId") REFERENCES public."Subject"(id) ON UPDATE CASCADE ON DELETE RESTRICT;


--
-- Name: ClassSubjectTutor ClassSubjectTutor_tutorId_fkey; Type: FK CONSTRAINT; Schema: public; Owner: neondb_owner
--

ALTER TABLE ONLY public."ClassSubjectTutor"
    ADD CONSTRAINT "ClassSubjectTutor_tutorId_fkey" FOREIGN KEY ("tutorId") REFERENCES public."Tutor"(id) ON UPDATE CASCADE ON DELETE RESTRICT;


--
-- Name: Class Class_academicYearId_fkey; Type: FK CONSTRAINT; Schema: public; Owner: neondb_owner
--

ALTER TABLE ONLY public."Class"
    ADD CONSTRAINT "Class_academicYearId_fkey" FOREIGN KEY ("academicYearId") REFERENCES public."AcademicYear"(id) ON UPDATE CASCADE ON DELETE RESTRICT;


--
-- Name: Class Class_homeroomTeacherId_fkey; Type: FK CONSTRAINT; Schema: public; Owner: neondb_owner
--

ALTER TABLE ONLY public."Class"
    ADD CONSTRAINT "Class_homeroomTeacherId_fkey" FOREIGN KEY ("homeroomTeacherId") REFERENCES public."Tutor"(id) ON UPDATE CASCADE ON DELETE SET NULL;


--
-- Name: Class Class_programId_fkey; Type: FK CONSTRAINT; Schema: public; Owner: neondb_owner
--

ALTER TABLE ONLY public."Class"
    ADD CONSTRAINT "Class_programId_fkey" FOREIGN KEY ("programId") REFERENCES public."Program"(id) ON UPDATE CASCADE ON DELETE RESTRICT;


--
-- Name: DiscussionMessage DiscussionMessage_roomId_fkey; Type: FK CONSTRAINT; Schema: public; Owner: neondb_owner
--

ALTER TABLE ONLY public."DiscussionMessage"
    ADD CONSTRAINT "DiscussionMessage_roomId_fkey" FOREIGN KEY ("roomId") REFERENCES public."DiscussionRoom"(id) ON UPDATE CASCADE ON DELETE RESTRICT;


--
-- Name: DiscussionMessage DiscussionMessage_senderId_fkey; Type: FK CONSTRAINT; Schema: public; Owner: neondb_owner
--

ALTER TABLE ONLY public."DiscussionMessage"
    ADD CONSTRAINT "DiscussionMessage_senderId_fkey" FOREIGN KEY ("senderId") REFERENCES public."User"(id) ON UPDATE CASCADE ON DELETE RESTRICT;


--
-- Name: DiscussionRoom DiscussionRoom_classSubjectTutorId_fkey; Type: FK CONSTRAINT; Schema: public; Owner: neondb_owner
--

ALTER TABLE ONLY public."DiscussionRoom"
    ADD CONSTRAINT "DiscussionRoom_classSubjectTutorId_fkey" FOREIGN KEY ("classSubjectTutorId") REFERENCES public."ClassSubjectTutor"(id) ON UPDATE CASCADE ON DELETE RESTRICT;


--
-- Name: DiscussionRoom DiscussionRoom_createdById_fkey; Type: FK CONSTRAINT; Schema: public; Owner: neondb_owner
--

ALTER TABLE ONLY public."DiscussionRoom"
    ADD CONSTRAINT "DiscussionRoom_createdById_fkey" FOREIGN KEY ("createdById") REFERENCES public."User"(id) ON UPDATE CASCADE ON DELETE RESTRICT;


--
-- Name: FinalScore FinalScore_studentId_fkey; Type: FK CONSTRAINT; Schema: public; Owner: neondb_owner
--

ALTER TABLE ONLY public."FinalScore"
    ADD CONSTRAINT "FinalScore_studentId_fkey" FOREIGN KEY ("studentId") REFERENCES public."Student"(id) ON UPDATE CASCADE ON DELETE RESTRICT;


--
-- Name: FinalScore FinalScore_subjectId_fkey; Type: FK CONSTRAINT; Schema: public; Owner: neondb_owner
--

ALTER TABLE ONLY public."FinalScore"
    ADD CONSTRAINT "FinalScore_subjectId_fkey" FOREIGN KEY ("subjectId") REFERENCES public."Subject"(id) ON UPDATE CASCADE ON DELETE RESTRICT;


--
-- Name: FinalScore FinalScore_tahunAjaranId_fkey; Type: FK CONSTRAINT; Schema: public; Owner: neondb_owner
--

ALTER TABLE ONLY public."FinalScore"
    ADD CONSTRAINT "FinalScore_tahunAjaranId_fkey" FOREIGN KEY ("tahunAjaranId") REFERENCES public."AcademicYear"(id) ON UPDATE CASCADE ON DELETE RESTRICT;


--
-- Name: HolidayRange HolidayRange_academicYearId_fkey; Type: FK CONSTRAINT; Schema: public; Owner: neondb_owner
--

ALTER TABLE ONLY public."HolidayRange"
    ADD CONSTRAINT "HolidayRange_academicYearId_fkey" FOREIGN KEY ("academicYearId") REFERENCES public."AcademicYear"(id) ON UPDATE CASCADE ON DELETE SET NULL;


--
-- Name: LearningMaterial LearningMaterial_classSubjectTutorId_fkey; Type: FK CONSTRAINT; Schema: public; Owner: neondb_owner
--

ALTER TABLE ONLY public."LearningMaterial"
    ADD CONSTRAINT "LearningMaterial_classSubjectTutorId_fkey" FOREIGN KEY ("classSubjectTutorId") REFERENCES public."ClassSubjectTutor"(id) ON UPDATE CASCADE ON DELETE RESTRICT;


--
-- Name: Log Log_userId_fkey; Type: FK CONSTRAINT; Schema: public; Owner: neondb_owner
--

ALTER TABLE ONLY public."Log"
    ADD CONSTRAINT "Log_userId_fkey" FOREIGN KEY ("userId") REFERENCES public."User"(id) ON UPDATE CASCADE ON DELETE RESTRICT;


--
-- Name: Notification Notification_receiverId_fkey; Type: FK CONSTRAINT; Schema: public; Owner: neondb_owner
--

ALTER TABLE ONLY public."Notification"
    ADD CONSTRAINT "Notification_receiverId_fkey" FOREIGN KEY ("receiverId") REFERENCES public."User"(id) ON UPDATE CASCADE ON DELETE RESTRICT;


--
-- Name: Notification Notification_senderId_fkey; Type: FK CONSTRAINT; Schema: public; Owner: neondb_owner
--

ALTER TABLE ONLY public."Notification"
    ADD CONSTRAINT "Notification_senderId_fkey" FOREIGN KEY ("senderId") REFERENCES public."User"(id) ON UPDATE CASCADE ON DELETE RESTRICT;


--
-- Name: ProgramSubject ProgramSubject_programId_fkey; Type: FK CONSTRAINT; Schema: public; Owner: neondb_owner
--

ALTER TABLE ONLY public."ProgramSubject"
    ADD CONSTRAINT "ProgramSubject_programId_fkey" FOREIGN KEY ("programId") REFERENCES public."Program"(id) ON UPDATE CASCADE ON DELETE RESTRICT;


--
-- Name: ProgramSubject ProgramSubject_subjectId_fkey; Type: FK CONSTRAINT; Schema: public; Owner: neondb_owner
--

ALTER TABLE ONLY public."ProgramSubject"
    ADD CONSTRAINT "ProgramSubject_subjectId_fkey" FOREIGN KEY ("subjectId") REFERENCES public."Subject"(id) ON UPDATE CASCADE ON DELETE RESTRICT;


--
-- Name: Question Question_assignmentId_fkey; Type: FK CONSTRAINT; Schema: public; Owner: neondb_owner
--

ALTER TABLE ONLY public."Question"
    ADD CONSTRAINT "Question_assignmentId_fkey" FOREIGN KEY ("assignmentId") REFERENCES public."Assignment"(id) ON UPDATE CASCADE ON DELETE SET NULL;


--
-- Name: Question Question_quizId_fkey; Type: FK CONSTRAINT; Schema: public; Owner: neondb_owner
--

ALTER TABLE ONLY public."Question"
    ADD CONSTRAINT "Question_quizId_fkey" FOREIGN KEY ("quizId") REFERENCES public."Quiz"(id) ON UPDATE CASCADE ON DELETE SET NULL;


--
-- Name: Quiz Quiz_classSubjectTutorId_fkey; Type: FK CONSTRAINT; Schema: public; Owner: neondb_owner
--

ALTER TABLE ONLY public."Quiz"
    ADD CONSTRAINT "Quiz_classSubjectTutorId_fkey" FOREIGN KEY ("classSubjectTutorId") REFERENCES public."ClassSubjectTutor"(id) ON UPDATE CASCADE ON DELETE RESTRICT;

